<Backups xmlns="http://www.microsoft.com/GroupPolicy/GPOOperations/Manifest" xmlns:mfst="http://www.microsoft.com/GroupPolicy/GPOOperations/Manifest" mfst:version="1.0"><BackupInst><GPOGuid><![CDATA[{3141b3ed-ab10-4058-9fe4-a012ac389b2d}]]></GPOGuid><GPODomain><![CDATA[generic.local]]></GPODomain><GPODomainGuid><![CDATA[{04cef035-999e-42d2-a4b0-ec110bfb1fc2}]]></GPODomainGuid><GPODomainController><![CDATA[dc-1.generic.local]]></GPODomainController><BackupTime><![CDATA[2025-03-24T17:54:11]]></BackupTime><ID><![CDATA[{268F6A62-9800-425E-BD9C-29DC84450F39}]]></ID><Comment><![CDATA[]]></Comment><GPODisplayName><![CDATA[Explorer - Initial Theme]]></GPODisplayName></BackupInst><BackupInst><GPOGuid><![CDATA[{9d32d75b-bce8-4608-a0f2-9fb03bcda99b}]]></GPOGuid><GPODomain><![CDATA[generic.local]]></GPODomain><GPODomainGuid><![CDATA[{04cef035-999e-42d2-a4b0-ec110bfb1fc2}]]></GPODomainGuid><GPODomainController><![CDATA[dc-1.generic.local]]></GPODomainController><BackupTime><![CDATA[2025-03-24T17:54:11]]></BackupTime><ID><![CDATA[{82BB8E45-F2B4-4393-9BF9-9EDCAC391406}]]></ID><Comment><![CDATA[]]></Comment><GPODisplayName><![CDATA[DNS Server - Maximum UDP Packet Size]]></GPODisplayName></BackupInst><BackupInst><GPOGuid><![CDATA[{adad0773-04be-4010-8645-ff9357ff1948}]]></GPOGuid><GPODomain><![CDATA[generic.local]]></GPODomain><GPODomainGuid><![CDATA[{04cef035-999e-42d2-a4b0-ec110bfb1fc2}]]></GPODomainGuid><GPODomainController><![CDATA[dc-1.generic.local]]></GPODomainController><BackupTime><![CDATA[2025-03-24T17:54:11]]></BackupTime><ID><![CDATA[{117DB260-F670-4680-A5AB-E4A37CDC460A}]]></ID><Comment><![CDATA[]]></Comment><GPODisplayName><![CDATA[Windows Defender - PowerShell Transcripts]]></GPODisplayName></BackupInst><BackupInst><GPOGuid><![CDATA[{3774a428-a1a8-412a-a24d-bb75076c3828}]]></GPOGuid><GPODomain><![CDATA[generic.local]]></GPODomain><GPODomainGuid><![CDATA[{04cef035-999e-42d2-a4b0-ec110bfb1fc2}]]></GPODomainGuid><GPODomainController><![CDATA[dc-1.generic.local]]></GPODomainController><BackupTime><![CDATA[2025-03-24T17:54:10]]></BackupTime><ID><![CDATA[{4C2E4518-44C0-4A66-B72A-21AE0AF7F772}]]></ID><Comment><![CDATA[]]></Comment><GPODisplayName><![CDATA[Security - Audit Policy - Network Policy Server]]></GPODisplayName></BackupInst><BackupInst><GPOGuid><![CDATA[{867ea7fb-9997-448d-87c1-f7478bbdc29c}]]></GPOGuid><GPODomain><![CDATA[generic.local]]></GPODomain><GPODomainGuid><![CDATA[{04cef035-999e-42d2-a4b0-ec110bfb1fc2}]]></GPODomainGuid><GPODomainController><![CDATA[dc-1.generic.local]]></GPODomainController><BackupTime><![CDATA[2025-03-24T17:54:10]]></BackupTime><ID><![CDATA[{ED4BB404-618A-4E2E-BC6B-0D2D59F562A7}]]></ID><Comment><![CDATA[]]></Comment><GPODisplayName><![CDATA[Explorer - Taskbar]]></GPODisplayName></BackupInst><BackupInst><GPOGuid><![CDATA[{df9faccc-36d0-4857-bb9d-8155a53443dd}]]></GPOGuid><GPODomain><![CDATA[generic.local]]></GPODomain><GPODomainGuid><![CDATA[{04cef035-999e-42d2-a4b0-ec110bfb1fc2}]]></GPODomainGuid><GPODomainController><![CDATA[dc-1.generic.local]]></GPODomainController><BackupTime><![CDATA[2025-03-24T17:54:10]]></BackupTime><ID><![CDATA[{D1E2345F-5260-426A-B5C8-2F438BDCE352}]]></ID><Comment><![CDATA[]]></Comment><GPODisplayName><![CDATA[Security - TLS Hashes - Clients]]></GPODisplayName></BackupInst><BackupInst><GPOGuid><![CDATA[{d42f195e-a1f1-470d-bf82-aa6c4ef17eac}]]></GPOGuid><GPODomain><![CDATA[generic.local]]></GPODomain><GPODomainGuid><![CDATA[{04cef035-999e-42d2-a4b0-ec110bfb1fc2}]]></GPODomainGuid><GPODomainController><![CDATA[dc-1.generic.local]]></GPODomainController><BackupTime><![CDATA[2025-03-24T17:54:09]]></BackupTime><ID><![CDATA[{772F04ED-1C2E-4059-BFAF-187E7A58A9E4}]]></ID><Comment><![CDATA[]]></Comment><GPODisplayName><![CDATA[DNS Server - Disable Automatic NS Record Creation]]></GPODisplayName></BackupInst><BackupInst><GPOGuid><![CDATA[{4ba0de8b-1ee0-40e7-8074-544e60f68e20}]]></GPOGuid><GPODomain><![CDATA[generic.local]]></GPODomain><GPODomainGuid><![CDATA[{04cef035-999e-42d2-a4b0-ec110bfb1fc2}]]></GPODomainGuid><GPODomainController><![CDATA[dc-1.generic.local]]></GPODomainController><BackupTime><![CDATA[2025-03-24T17:54:09]]></BackupTime><ID><![CDATA[{91A10063-9C16-4604-AEF5-9FB59C0C2D6A}]]></ID><Comment><![CDATA[]]></Comment><GPODisplayName><![CDATA[Domain Controllers - DC Locator Records - Retired]]></GPODisplayName></BackupInst><BackupInst><GPOGuid><![CDATA[{4a87dd45-0c7c-4d7b-9590-e940ac818bee}]]></GPOGuid><GPODomain><![CDATA[generic.local]]></GPODomain><GPODomainGuid><![CDATA[{04cef035-999e-42d2-a4b0-ec110bfb1fc2}]]></GPODomainGuid><GPODomainController><![CDATA[dc-1.generic.local]]></GPODomainController><BackupTime><![CDATA[2025-03-24T17:54:09]]></BackupTime><ID><![CDATA[{C0287D3A-126B-42DF-9F5A-E1DF4C655A35}]]></ID><Comment><![CDATA[]]></Comment><GPODisplayName><![CDATA[Remote Desktop - Disable Network Detect]]></GPODisplayName></BackupInst><BackupInst><GPOGuid><![CDATA[{cfd8f2e6-d1f0-41d8-9589-6771ca19338d}]]></GPOGuid><GPODomain><![CDATA[generic.local]]></GPODomain><GPODomainGuid><![CDATA[{04cef035-999e-42d2-a4b0-ec110bfb1fc2}]]></GPODomainGuid><GPODomainController><![CDATA[dc-1.generic.local]]></GPODomainController><BackupTime><![CDATA[2025-03-24T17:54:09]]></BackupTime><ID><![CDATA[{E37BFFF6-7E9D-4B6C-9E08-7B655607F25E}]]></ID><Comment><![CDATA[]]></Comment><GPODisplayName><![CDATA[Firewall Rules - DFS Management]]></GPODisplayName></BackupInst><BackupInst><GPOGuid><![CDATA[{c6a24c29-991d-4bdb-b136-3d8ad2b61f7a}]]></GPOGuid><GPODomain><![CDATA[generic.local]]></GPODomain><GPODomainGuid><![CDATA[{04cef035-999e-42d2-a4b0-ec110bfb1fc2}]]></GPODomainGuid><GPODomainController><![CDATA[dc-1.generic.local]]></GPODomainController><BackupTime><![CDATA[2025-03-24T17:54:09]]></BackupTime><ID><![CDATA[{86D01049-8C51-46CD-8F11-A4084A030691}]]></ID><Comment><![CDATA[]]></Comment><GPODisplayName><![CDATA[Firewall Rules - DFS Replication]]></GPODisplayName></BackupInst><BackupInst><GPOGuid><![CDATA[{4f747de5-7aba-401a-92e0-ab531c962a66}]]></GPOGuid><GPODomain><![CDATA[generic.local]]></GPODomain><GPODomainGuid><![CDATA[{04cef035-999e-42d2-a4b0-ec110bfb1fc2}]]></GPODomainGuid><GPODomainController><![CDATA[dc-1.generic.local]]></GPODomainController><BackupTime><![CDATA[2025-03-24T17:54:08]]></BackupTime><ID><![CDATA[{43AA5CA2-422D-43BA-B7B7-A3C26C5A795A}]]></ID><Comment><![CDATA[]]></Comment><GPODisplayName><![CDATA[Login - Disable Hybrid Join]]></GPODisplayName></BackupInst><BackupInst><GPOGuid><![CDATA[{560f0e9f-f249-4ea7-86ca-9f34931bdc94}]]></GPOGuid><GPODomain><![CDATA[generic.local]]></GPODomain><GPODomainGuid><![CDATA[{04cef035-999e-42d2-a4b0-ec110bfb1fc2}]]></GPODomainGuid><GPODomainController><![CDATA[dc-1.generic.local]]></GPODomainController><BackupTime><![CDATA[2025-03-24T17:54:08]]></BackupTime><ID><![CDATA[{B7B4B41F-9FA6-4B33-B702-4DA3D098B2B3}]]></ID><Comment><![CDATA[]]></Comment><GPODisplayName><![CDATA[Login - Interactive Logon - Servers]]></GPODisplayName></BackupInst><BackupInst><GPOGuid><![CDATA[{444468bb-806e-4f72-ba1a-8a45d1471645}]]></GPOGuid><GPODomain><![CDATA[generic.local]]></GPODomain><GPODomainGuid><![CDATA[{04cef035-999e-42d2-a4b0-ec110bfb1fc2}]]></GPODomainGuid><GPODomainController><![CDATA[dc-1.generic.local]]></GPODomainController><BackupTime><![CDATA[2025-03-24T17:54:08]]></BackupTime><ID><![CDATA[{618FA13E-1585-44F5-8F99-5B5F2840921B}]]></ID><Comment><![CDATA[]]></Comment><GPODisplayName><![CDATA[Security - Inactivity Timeout - Disable]]></GPODisplayName></BackupInst><BackupInst><GPOGuid><![CDATA[{08519ddd-8f63-47d3-93c2-dd82e6a26826}]]></GPOGuid><GPODomain><![CDATA[generic.local]]></GPODomain><GPODomainGuid><![CDATA[{04cef035-999e-42d2-a4b0-ec110bfb1fc2}]]></GPODomainGuid><GPODomainController><![CDATA[dc-1.generic.local]]></GPODomainController><BackupTime><![CDATA[2025-03-24T17:54:07]]></BackupTime><ID><![CDATA[{3F093976-AF67-493E-B901-EF6EB7E3A128}]]></ID><Comment><![CDATA[]]></Comment><GPODisplayName><![CDATA[Security - NTLM - Audit All]]></GPODisplayName></BackupInst><BackupInst><GPOGuid><![CDATA[{84e8f445-d8ff-456c-a99e-98afd1a7ee9f}]]></GPOGuid><GPODomain><![CDATA[generic.local]]></GPODomain><GPODomainGuid><![CDATA[{04cef035-999e-42d2-a4b0-ec110bfb1fc2}]]></GPODomainGuid><GPODomainController><![CDATA[dc-1.generic.local]]></GPODomainController><BackupTime><![CDATA[2025-03-24T17:54:07]]></BackupTime><ID><![CDATA[{E4C8DDAA-3CD6-4891-B93F-C0D71239EAAD}]]></ID><Comment><![CDATA[]]></Comment><GPODisplayName><![CDATA[MSFT Windows Server 2022 - Member Server Credential Guard]]></GPODisplayName></BackupInst><BackupInst><GPOGuid><![CDATA[{f0fdef43-1fe9-4b72-ad8e-5969b8f5bfd3}]]></GPOGuid><GPODomain><![CDATA[generic.local]]></GPODomain><GPODomainGuid><![CDATA[{04cef035-999e-42d2-a4b0-ec110bfb1fc2}]]></GPODomainGuid><GPODomainController><![CDATA[dc-1.generic.local]]></GPODomainController><BackupTime><![CDATA[2025-03-24T17:54:07]]></BackupTime><ID><![CDATA[{40876C73-1547-4455-A531-91FB8A3DBD1A}]]></ID><Comment><![CDATA[]]></Comment><GPODisplayName><![CDATA[MSFT Windows Server 2022 - Member Server]]></GPODisplayName></BackupInst><BackupInst><GPOGuid><![CDATA[{712de8bc-0f12-4d1d-a1aa-21d31a22ee8f}]]></GPOGuid><GPODomain><![CDATA[generic.local]]></GPODomain><GPODomainGuid><![CDATA[{04cef035-999e-42d2-a4b0-ec110bfb1fc2}]]></GPODomainGuid><GPODomainController><![CDATA[dc-1.generic.local]]></GPODomainController><BackupTime><![CDATA[2025-03-24T17:54:07]]></BackupTime><ID><![CDATA[{16E9D43F-C393-4984-BD73-E57AD6B48746}]]></ID><Comment><![CDATA[]]></Comment><GPODisplayName><![CDATA[MSFT Windows Server 2022 - Domain Security]]></GPODisplayName></BackupInst><BackupInst><GPOGuid><![CDATA[{7b94b205-ace4-4321-af92-bb60736fbe6f}]]></GPOGuid><GPODomain><![CDATA[generic.local]]></GPODomain><GPODomainGuid><![CDATA[{04cef035-999e-42d2-a4b0-ec110bfb1fc2}]]></GPODomainGuid><GPODomainController><![CDATA[dc-1.generic.local]]></GPODomainController><BackupTime><![CDATA[2025-03-24T17:54:06]]></BackupTime><ID><![CDATA[{F7503ACD-8FFF-41EA-92D9-9B304B5008E3}]]></ID><Comment><![CDATA[]]></Comment><GPODisplayName><![CDATA[MSFT Windows Server 2022 - Domain Controller Virtualization Based Security]]></GPODisplayName></BackupInst><BackupInst><GPOGuid><![CDATA[{da25aa8c-41fc-4155-8645-3f12d57ab231}]]></GPOGuid><GPODomain><![CDATA[generic.local]]></GPODomain><GPODomainGuid><![CDATA[{04cef035-999e-42d2-a4b0-ec110bfb1fc2}]]></GPODomainGuid><GPODomainController><![CDATA[dc-1.generic.local]]></GPODomainController><BackupTime><![CDATA[2025-03-24T17:54:06]]></BackupTime><ID><![CDATA[{BE7F0133-2EE0-4C37-BB34-C7F2CAD080B8}]]></ID><Comment><![CDATA[]]></Comment><GPODisplayName><![CDATA[MSFT Windows Server 2022 - Domain Controller]]></GPODisplayName></BackupInst><BackupInst><GPOGuid><![CDATA[{8686bbff-7466-4f9d-972c-baf942b361ce}]]></GPOGuid><GPODomain><![CDATA[generic.local]]></GPODomain><GPODomainGuid><![CDATA[{04cef035-999e-42d2-a4b0-ec110bfb1fc2}]]></GPODomainGuid><GPODomainController><![CDATA[dc-1.generic.local]]></GPODomainController><BackupTime><![CDATA[2025-03-24T17:54:06]]></BackupTime><ID><![CDATA[{F0E435F2-FE63-4A05-90FD-024B39204FFF}]]></ID><Comment><![CDATA[]]></Comment><GPODisplayName><![CDATA[MSFT Windows Server 2022 - Defender Antivirus]]></GPODisplayName></BackupInst><BackupInst><GPOGuid><![CDATA[{e2082825-7d06-458b-8415-d081f8cb7225}]]></GPOGuid><GPODomain><![CDATA[generic.local]]></GPODomain><GPODomainGuid><![CDATA[{04cef035-999e-42d2-a4b0-ec110bfb1fc2}]]></GPODomainGuid><GPODomainController><![CDATA[dc-1.generic.local]]></GPODomainController><BackupTime><![CDATA[2025-03-24T17:54:05]]></BackupTime><ID><![CDATA[{C9B1B338-9759-47E1-A546-B909F60D419C}]]></ID><Comment><![CDATA[]]></Comment><GPODisplayName><![CDATA[MSFT Internet Explorer 11 - User]]></GPODisplayName></BackupInst><BackupInst><GPOGuid><![CDATA[{7991a41b-4327-4bfd-8b06-e0187b3f5af6}]]></GPOGuid><GPODomain><![CDATA[generic.local]]></GPODomain><GPODomainGuid><![CDATA[{04cef035-999e-42d2-a4b0-ec110bfb1fc2}]]></GPODomainGuid><GPODomainController><![CDATA[dc-1.generic.local]]></GPODomainController><BackupTime><![CDATA[2025-03-24T17:54:05]]></BackupTime><ID><![CDATA[{E40BF29B-8348-404C-A371-5108F6138A16}]]></ID><Comment><![CDATA[]]></Comment><GPODisplayName><![CDATA[MSFT Internet Explorer 11 - Computer]]></GPODisplayName></BackupInst><BackupInst><GPOGuid><![CDATA[{e376b47d-75f9-4889-91a2-7aaf1a3f198e}]]></GPOGuid><GPODomain><![CDATA[generic.local]]></GPODomain><GPODomainGuid><![CDATA[{04cef035-999e-42d2-a4b0-ec110bfb1fc2}]]></GPODomainGuid><GPODomainController><![CDATA[dc-1.generic.local]]></GPODomainController><BackupTime><![CDATA[2025-03-24T17:54:05]]></BackupTime><ID><![CDATA[{91C1EAA5-AD3D-4310-8FB0-B3AFBF8D6FE3}]]></ID><Comment><![CDATA[]]></Comment><GPODisplayName><![CDATA[Firewall Rules - Windows Management Instrumentation]]></GPODisplayName></BackupInst><BackupInst><GPOGuid><![CDATA[{4bf5c97b-ae67-4fcf-a68a-19426a0a569b}]]></GPOGuid><GPODomain><![CDATA[generic.local]]></GPODomain><GPODomainGuid><![CDATA[{04cef035-999e-42d2-a4b0-ec110bfb1fc2}]]></GPODomainGuid><GPODomainController><![CDATA[dc-1.generic.local]]></GPODomainController><BackupTime><![CDATA[2025-03-24T17:54:04]]></BackupTime><ID><![CDATA[{080C7A00-1F3C-4529-8364-11E9BBD21655}]]></ID><Comment><![CDATA[]]></Comment><GPODisplayName><![CDATA[Firewall Rules - SQL Server]]></GPODisplayName></BackupInst><BackupInst><GPOGuid><![CDATA[{3cc609c9-94f2-4fcc-9a57-5bb67b4f8e79}]]></GPOGuid><GPODomain><![CDATA[generic.local]]></GPODomain><GPODomainGuid><![CDATA[{04cef035-999e-42d2-a4b0-ec110bfb1fc2}]]></GPODomainGuid><GPODomainController><![CDATA[dc-1.generic.local]]></GPODomainController><BackupTime><![CDATA[2025-03-24T17:54:04]]></BackupTime><ID><![CDATA[{570D8267-6A3B-4E2D-BE94-8E57CA05926B}]]></ID><Comment><![CDATA[]]></Comment><GPODisplayName><![CDATA[Firewall - Disable Local Rules]]></GPODisplayName></BackupInst><BackupInst><GPOGuid><![CDATA[{f94919b0-d38a-4840-a87c-fed1c482aeb5}]]></GPOGuid><GPODomain><![CDATA[generic.local]]></GPODomain><GPODomainGuid><![CDATA[{04cef035-999e-42d2-a4b0-ec110bfb1fc2}]]></GPODomainGuid><GPODomainController><![CDATA[dc-1.generic.local]]></GPODomainController><BackupTime><![CDATA[2025-03-24T17:54:04]]></BackupTime><ID><![CDATA[{182FD5C8-0EAF-4F01-9E50-641E80EAF3DA}]]></ID><Comment><![CDATA[]]></Comment><GPODisplayName><![CDATA[Firewall Rules - Azure Stack HCI]]></GPODisplayName></BackupInst><BackupInst><GPOGuid><![CDATA[{a7b71d77-cc13-4eb5-bc55-b3a60ff4ae26}]]></GPOGuid><GPODomain><![CDATA[generic.local]]></GPODomain><GPODomainGuid><![CDATA[{04cef035-999e-42d2-a4b0-ec110bfb1fc2}]]></GPODomainGuid><GPODomainController><![CDATA[dc-1.generic.local]]></GPODomainController><BackupTime><![CDATA[2025-03-24T17:54:04]]></BackupTime><ID><![CDATA[{5AEF1027-FD40-48B5-9A41-BFBFE1B25931}]]></ID><Comment><![CDATA[]]></Comment><GPODisplayName><![CDATA[Local Groups - Desktops]]></GPODisplayName></BackupInst><BackupInst><GPOGuid><![CDATA[{dbf176ee-d6d4-4c1e-9557-ed7613fc020a}]]></GPOGuid><GPODomain><![CDATA[generic.local]]></GPODomain><GPODomainGuid><![CDATA[{04cef035-999e-42d2-a4b0-ec110bfb1fc2}]]></GPODomainGuid><GPODomainController><![CDATA[dc-1.generic.local]]></GPODomainController><BackupTime><![CDATA[2025-03-24T17:54:03]]></BackupTime><ID><![CDATA[{DB2FF730-171B-47A3-B6CF-13E9DCCF7C72}]]></ID><Comment><![CDATA[]]></Comment><GPODisplayName><![CDATA[Explorer - Themes and Colors - Default]]></GPODisplayName></BackupInst><BackupInst><GPOGuid><![CDATA[{1588013c-b527-46dc-a6a6-a19de73df737}]]></GPOGuid><GPODomain><![CDATA[generic.local]]></GPODomain><GPODomainGuid><![CDATA[{04cef035-999e-42d2-a4b0-ec110bfb1fc2}]]></GPODomainGuid><GPODomainController><![CDATA[dc-1.generic.local]]></GPODomainController><BackupTime><![CDATA[2025-03-24T17:54:03]]></BackupTime><ID><![CDATA[{0A68C2FD-1F06-4011-82C2-86FEDF8D5C07}]]></ID><Comment><![CDATA[]]></Comment><GPODisplayName><![CDATA[Security - LAPS - Disable]]></GPODisplayName></BackupInst><BackupInst><GPOGuid><![CDATA[{c7f272e6-5dd4-4462-a292-f9042529bf5d}]]></GPOGuid><GPODomain><![CDATA[generic.local]]></GPODomain><GPODomainGuid><![CDATA[{04cef035-999e-42d2-a4b0-ec110bfb1fc2}]]></GPODomainGuid><GPODomainController><![CDATA[dc-1.generic.local]]></GPODomainController><BackupTime><![CDATA[2025-03-24T17:54:03]]></BackupTime><ID><![CDATA[{729D84DD-96E0-4B3B-9EDE-2B95094FBF7D}]]></ID><Comment><![CDATA[]]></Comment><GPODisplayName><![CDATA[Security - LAPS - Windows]]></GPODisplayName></BackupInst><BackupInst><GPOGuid><![CDATA[{9fae9595-f20b-4973-8329-e50caaec4c5e}]]></GPOGuid><GPODomain><![CDATA[generic.local]]></GPODomain><GPODomainGuid><![CDATA[{04cef035-999e-42d2-a4b0-ec110bfb1fc2}]]></GPODomainGuid><GPODomainController><![CDATA[dc-1.generic.local]]></GPODomainController><BackupTime><![CDATA[2025-03-24T17:54:03]]></BackupTime><ID><![CDATA[{56C8A344-254A-4830-BCE3-745CD7B1FA64}]]></ID><Comment><![CDATA[]]></Comment><GPODisplayName><![CDATA[Domain Controllers - Allow Computer Account Re-use]]></GPODisplayName></BackupInst><BackupInst><GPOGuid><![CDATA[{601281f6-3c45-4129-a892-ba28255fd18d}]]></GPOGuid><GPODomain><![CDATA[generic.local]]></GPODomain><GPODomainGuid><![CDATA[{04cef035-999e-42d2-a4b0-ec110bfb1fc2}]]></GPODomainGuid><GPODomainController><![CDATA[dc-1.generic.local]]></GPODomainController><BackupTime><![CDATA[2025-03-24T17:54:02]]></BackupTime><ID><![CDATA[{516BDC19-049C-4790-ADCE-700E42C63E2B}]]></ID><Comment><![CDATA[]]></Comment><GPODisplayName><![CDATA[OneDrive - Disable Memories]]></GPODisplayName></BackupInst><BackupInst><GPOGuid><![CDATA[{9dbf0513-4a96-4b69-b785-ccb00f4d098c}]]></GPOGuid><GPODomain><![CDATA[generic.local]]></GPODomain><GPODomainGuid><![CDATA[{04cef035-999e-42d2-a4b0-ec110bfb1fc2}]]></GPODomainGuid><GPODomainController><![CDATA[dc-1.generic.local]]></GPODomainController><BackupTime><![CDATA[2025-03-24T17:54:02]]></BackupTime><ID><![CDATA[{C73C6FF7-24C1-48E7-8AD5-8FAF2E91F2DF}]]></ID><Comment><![CDATA[]]></Comment><GPODisplayName><![CDATA[OneDrive - Enable Ignore List]]></GPODisplayName></BackupInst><BackupInst><GPOGuid><![CDATA[{d0ee77da-b098-469f-93e8-585857ce95fc}]]></GPOGuid><GPODomain><![CDATA[generic.local]]></GPODomain><GPODomainGuid><![CDATA[{04cef035-999e-42d2-a4b0-ec110bfb1fc2}]]></GPODomainGuid><GPODomainController><![CDATA[dc-1.generic.local]]></GPODomainController><BackupTime><![CDATA[2025-03-24T17:54:02]]></BackupTime><ID><![CDATA[{CF9EA456-302A-4C5A-86B7-15BF4296338B}]]></ID><Comment><![CDATA[]]></Comment><GPODisplayName><![CDATA[Edge - Sidebar and Prompts]]></GPODisplayName></BackupInst><BackupInst><GPOGuid><![CDATA[{bc234cfd-dad2-40c6-8975-969c58c89ae9}]]></GPOGuid><GPODomain><![CDATA[generic.local]]></GPODomain><GPODomainGuid><![CDATA[{04cef035-999e-42d2-a4b0-ec110bfb1fc2}]]></GPODomainGuid><GPODomainController><![CDATA[dc-1.generic.local]]></GPODomainController><BackupTime><![CDATA[2025-03-24T17:54:01]]></BackupTime><ID><![CDATA[{52ECF200-3634-4498-8BBA-B025FF1DA8DE}]]></ID><Comment><![CDATA[]]></Comment><GPODisplayName><![CDATA[Firewall Rules - Domain Controller]]></GPODisplayName></BackupInst><BackupInst><GPOGuid><![CDATA[{95a64316-7d19-4eee-85ea-e506ac4b1eb1}]]></GPOGuid><GPODomain><![CDATA[generic.local]]></GPODomain><GPODomainGuid><![CDATA[{04cef035-999e-42d2-a4b0-ec110bfb1fc2}]]></GPODomainGuid><GPODomainController><![CDATA[dc-1.generic.local]]></GPODomainController><BackupTime><![CDATA[2025-03-24T17:54:01]]></BackupTime><ID><![CDATA[{CB68E0E6-7A48-4BB7-9EC4-5E64901902AA}]]></ID><Comment><![CDATA[]]></Comment><GPODisplayName><![CDATA[Firewall - Disable Stealth Mode]]></GPODisplayName></BackupInst><BackupInst><GPOGuid><![CDATA[{0568902c-e284-48e7-81eb-035df6bf11d1}]]></GPOGuid><GPODomain><![CDATA[generic.local]]></GPODomain><GPODomainGuid><![CDATA[{04cef035-999e-42d2-a4b0-ec110bfb1fc2}]]></GPODomainGuid><GPODomainController><![CDATA[dc-1.generic.local]]></GPODomainController><BackupTime><![CDATA[2025-03-24T17:54:01]]></BackupTime><ID><![CDATA[{000FE5F8-1DE4-453D-B2D5-0668A21B129A}]]></ID><Comment><![CDATA[]]></Comment><GPODisplayName><![CDATA[Edge - New Tab]]></GPODisplayName></BackupInst><BackupInst><GPOGuid><![CDATA[{59d000dd-34d4-46c9-86cc-82f4067ccc72}]]></GPOGuid><GPODomain><![CDATA[generic.local]]></GPODomain><GPODomainGuid><![CDATA[{04cef035-999e-42d2-a4b0-ec110bfb1fc2}]]></GPODomainGuid><GPODomainController><![CDATA[dc-1.generic.local]]></GPODomainController><BackupTime><![CDATA[2025-03-24T17:54:01]]></BackupTime><ID><![CDATA[{994EB0AC-927E-4D90-ACAD-1F9A92636087}]]></ID><Comment><![CDATA[]]></Comment><GPODisplayName><![CDATA[Explorer - Themes and Colors]]></GPODisplayName></BackupInst><BackupInst><GPOGuid><![CDATA[{6734f7d7-97c5-423f-a189-193c86b93128}]]></GPOGuid><GPODomain><![CDATA[generic.local]]></GPODomain><GPODomainGuid><![CDATA[{04cef035-999e-42d2-a4b0-ec110bfb1fc2}]]></GPODomainGuid><GPODomainController><![CDATA[dc-1.generic.local]]></GPODomainController><BackupTime><![CDATA[2025-03-24T17:54:00]]></BackupTime><ID><![CDATA[{9EF8A7BE-F661-4F06-965F-C42BA315ACD2}]]></ID><Comment><![CDATA[]]></Comment><GPODisplayName><![CDATA[Scripts - Update-NetworkAdapters]]></GPODisplayName></BackupInst><BackupInst><GPOGuid><![CDATA[{e7c4bd9e-4f7d-471f-9a3f-affdc6fe5d76}]]></GPOGuid><GPODomain><![CDATA[generic.local]]></GPODomain><GPODomainGuid><![CDATA[{04cef035-999e-42d2-a4b0-ec110bfb1fc2}]]></GPODomainGuid><GPODomainController><![CDATA[dc-1.generic.local]]></GPODomainController><BackupTime><![CDATA[2025-03-24T17:54:00]]></BackupTime><ID><![CDATA[{7CCC0304-DD75-4690-8746-C23BEE6AE040}]]></ID><Comment><![CDATA[]]></Comment><GPODisplayName><![CDATA[Firewall Rules - Network Policy Server]]></GPODisplayName></BackupInst><BackupInst><GPOGuid><![CDATA[{61f80365-5dbf-474f-81dc-ecb72e018c7f}]]></GPOGuid><GPODomain><![CDATA[generic.local]]></GPODomain><GPODomainGuid><![CDATA[{04cef035-999e-42d2-a4b0-ec110bfb1fc2}]]></GPODomainGuid><GPODomainController><![CDATA[dc-1.generic.local]]></GPODomainController><BackupTime><![CDATA[2025-03-24T17:54:00]]></BackupTime><ID><![CDATA[{04B4DB9A-CD35-445D-8C5A-7F52FBE8FF14}]]></ID><Comment><![CDATA[]]></Comment><GPODisplayName><![CDATA[Explorer - Remove Shutdown]]></GPODisplayName></BackupInst><BackupInst><GPOGuid><![CDATA[{962df16b-e25d-454c-be46-74ea7e32c288}]]></GPOGuid><GPODomain><![CDATA[generic.local]]></GPODomain><GPODomainGuid><![CDATA[{04cef035-999e-42d2-a4b0-ec110bfb1fc2}]]></GPODomainGuid><GPODomainController><![CDATA[dc-1.generic.local]]></GPODomainController><BackupTime><![CDATA[2025-03-24T17:53:59]]></BackupTime><ID><![CDATA[{BFBDD290-C31C-4ED7-8662-53BBF08906F0}]]></ID><Comment><![CDATA[]]></Comment><GPODisplayName><![CDATA[Windows - Do not Power Off after Shutdown]]></GPODisplayName></BackupInst><BackupInst><GPOGuid><![CDATA[{f2ea0891-3730-4190-a979-a60203e8075a}]]></GPOGuid><GPODomain><![CDATA[generic.local]]></GPODomain><GPODomainGuid><![CDATA[{04cef035-999e-42d2-a4b0-ec110bfb1fc2}]]></GPODomainGuid><GPODomainController><![CDATA[dc-1.generic.local]]></GPODomainController><BackupTime><![CDATA[2025-03-24T17:53:59]]></BackupTime><ID><![CDATA[{13E2842A-ECE3-484A-A48A-33E68ABD957D}]]></ID><Comment><![CDATA[]]></Comment><GPODisplayName><![CDATA[Group Policy - Refresh Interval]]></GPODisplayName></BackupInst><BackupInst><GPOGuid><![CDATA[{852b236e-3a7e-4d18-bed0-5db8afd62881}]]></GPOGuid><GPODomain><![CDATA[generic.local]]></GPODomain><GPODomainGuid><![CDATA[{04cef035-999e-42d2-a4b0-ec110bfb1fc2}]]></GPODomainGuid><GPODomainController><![CDATA[dc-1.generic.local]]></GPODomainController><BackupTime><![CDATA[2025-03-24T17:53:59]]></BackupTime><ID><![CDATA[{A61CFF05-9649-4497-BBB0-BCD4C9D61CA2}]]></ID><Comment><![CDATA[]]></Comment><GPODisplayName><![CDATA[Scripts - Update-Windows]]></GPODisplayName></BackupInst><BackupInst><GPOGuid><![CDATA[{0d262a53-f168-4618-918c-0bfcec40aa35}]]></GPOGuid><GPODomain><![CDATA[generic.local]]></GPODomain><GPODomainGuid><![CDATA[{04cef035-999e-42d2-a4b0-ec110bfb1fc2}]]></GPODomainGuid><GPODomainController><![CDATA[dc-1.generic.local]]></GPODomainController><BackupTime><![CDATA[2025-03-24T17:53:59]]></BackupTime><ID><![CDATA[{7B044851-2580-412C-AF3D-2B3043003BB8}]]></ID><Comment><![CDATA[]]></Comment><GPODisplayName><![CDATA[Remote Desktop - Client Device Redirection]]></GPODisplayName></BackupInst><BackupInst><GPOGuid><![CDATA[{6d8bc301-af32-4e89-9750-d672307bb8a2}]]></GPOGuid><GPODomain><![CDATA[generic.local]]></GPODomain><GPODomainGuid><![CDATA[{04cef035-999e-42d2-a4b0-ec110bfb1fc2}]]></GPODomainGuid><GPODomainController><![CDATA[dc-1.generic.local]]></GPODomainController><BackupTime><![CDATA[2025-03-24T17:53:58]]></BackupTime><ID><![CDATA[{28CFAA5C-BD95-4D2B-8147-B2FE2741BAEE}]]></ID><Comment><![CDATA[]]></Comment><GPODisplayName><![CDATA[Firewall Rules - Failover Clusters]]></GPODisplayName></BackupInst><BackupInst><GPOGuid><![CDATA[{fba2d4bb-6ec6-44af-92d8-4e5a923dc554}]]></GPOGuid><GPODomain><![CDATA[generic.local]]></GPODomain><GPODomainGuid><![CDATA[{04cef035-999e-42d2-a4b0-ec110bfb1fc2}]]></GPODomainGuid><GPODomainController><![CDATA[dc-1.generic.local]]></GPODomainController><BackupTime><![CDATA[2025-03-24T17:53:58]]></BackupTime><ID><![CDATA[{2F615F25-2938-405F-98A6-D8C1B99F62BA}]]></ID><Comment><![CDATA[]]></Comment><GPODisplayName><![CDATA[Desktop Background - Domain Controllers]]></GPODisplayName></BackupInst><BackupInst><GPOGuid><![CDATA[{96be29a8-1404-42fc-87bd-e987033a1b32}]]></GPOGuid><GPODomain><![CDATA[generic.local]]></GPODomain><GPODomainGuid><![CDATA[{04cef035-999e-42d2-a4b0-ec110bfb1fc2}]]></GPODomainGuid><GPODomainController><![CDATA[dc-1.generic.local]]></GPODomainController><BackupTime><![CDATA[2025-03-24T17:53:58]]></BackupTime><ID><![CDATA[{9A8D4B65-C102-4C83-BBBE-5D5A357F8A6B}]]></ID><Comment><![CDATA[]]></Comment><GPODisplayName><![CDATA[Network - Trusted Zones - OneDrive]]></GPODisplayName></BackupInst><BackupInst><GPOGuid><![CDATA[{c151cd77-c2f4-44fe-a6fa-853c72075778}]]></GPOGuid><GPODomain><![CDATA[generic.local]]></GPODomain><GPODomainGuid><![CDATA[{04cef035-999e-42d2-a4b0-ec110bfb1fc2}]]></GPODomainGuid><GPODomainController><![CDATA[dc-1.generic.local]]></GPODomainController><BackupTime><![CDATA[2025-03-24T17:53:58]]></BackupTime><ID><![CDATA[{DF875088-1557-4CE9-B0BF-DDEAA0055633}]]></ID><Comment><![CDATA[]]></Comment><GPODisplayName><![CDATA[Windows Update - Block drivers]]></GPODisplayName></BackupInst><BackupInst><GPOGuid><![CDATA[{31512959-cae6-4909-a326-9c3a4b105218}]]></GPOGuid><GPODomain><![CDATA[generic.local]]></GPODomain><GPODomainGuid><![CDATA[{04cef035-999e-42d2-a4b0-ec110bfb1fc2}]]></GPODomainGuid><GPODomainController><![CDATA[dc-1.generic.local]]></GPODomainController><BackupTime><![CDATA[2025-03-24T17:53:57]]></BackupTime><ID><![CDATA[{2FD3AC39-A78B-4992-A31F-FB3EE1095579}]]></ID><Comment><![CDATA[]]></Comment><GPODisplayName><![CDATA[Windows - Fix WinRM Envelope Size]]></GPODisplayName></BackupInst><BackupInst><GPOGuid><![CDATA[{ecbedfb3-dee0-4dc0-934a-4f67c93d10ad}]]></GPOGuid><GPODomain><![CDATA[generic.local]]></GPODomain><GPODomainGuid><![CDATA[{04cef035-999e-42d2-a4b0-ec110bfb1fc2}]]></GPODomainGuid><GPODomainController><![CDATA[dc-1.generic.local]]></GPODomainController><BackupTime><![CDATA[2025-03-24T17:53:57]]></BackupTime><ID><![CDATA[{B8B41408-D325-4C54-9029-C429D039C4E6}]]></ID><Comment><![CDATA[]]></Comment><GPODisplayName><![CDATA[Network - Trusted Zones - Disabled]]></GPODisplayName></BackupInst><BackupInst><GPOGuid><![CDATA[{26868811-ecc0-4646-98f0-12d31eb40e42}]]></GPOGuid><GPODomain><![CDATA[generic.local]]></GPODomain><GPODomainGuid><![CDATA[{04cef035-999e-42d2-a4b0-ec110bfb1fc2}]]></GPODomainGuid><GPODomainController><![CDATA[dc-1.generic.local]]></GPODomainController><BackupTime><![CDATA[2025-03-24T17:53:57]]></BackupTime><ID><![CDATA[{6B41A64E-F35F-46C9-9F24-9B20C04153FA}]]></ID><Comment><![CDATA[]]></Comment><GPODisplayName><![CDATA[Windows Defender - Cluster Storage]]></GPODisplayName></BackupInst><BackupInst><GPOGuid><![CDATA[{4954e42a-5fa7-4faa-981c-192eab844dd1}]]></GPOGuid><GPODomain><![CDATA[generic.local]]></GPODomain><GPODomainGuid><![CDATA[{04cef035-999e-42d2-a4b0-ec110bfb1fc2}]]></GPODomainGuid><GPODomainController><![CDATA[dc-1.generic.local]]></GPODomainController><BackupTime><![CDATA[2025-03-24T17:53:57]]></BackupTime><ID><![CDATA[{5A5470FC-B5FE-4EA2-8432-B507434F8ADA}]]></ID><Comment><![CDATA[]]></Comment><GPODisplayName><![CDATA[Kerberos - Clients]]></GPODisplayName></BackupInst><BackupInst><GPOGuid><![CDATA[{952fc10e-fd88-4420-9151-d1a9ceb404dd}]]></GPOGuid><GPODomain><![CDATA[generic.local]]></GPODomain><GPODomainGuid><![CDATA[{04cef035-999e-42d2-a4b0-ec110bfb1fc2}]]></GPODomainGuid><GPODomainController><![CDATA[dc-1.generic.local]]></GPODomainController><BackupTime><![CDATA[2025-03-24T17:53:56]]></BackupTime><ID><![CDATA[{C8E55BA1-1CC6-4BBC-B03E-920FFEC37370}]]></ID><Comment><![CDATA[]]></Comment><GPODisplayName><![CDATA[Kerberos - Domain Controllers]]></GPODisplayName></BackupInst><BackupInst><GPOGuid><![CDATA[{83e75468-a354-4a8b-af5c-477888ffa47f}]]></GPOGuid><GPODomain><![CDATA[generic.local]]></GPODomain><GPODomainGuid><![CDATA[{04cef035-999e-42d2-a4b0-ec110bfb1fc2}]]></GPODomainGuid><GPODomainController><![CDATA[dc-1.generic.local]]></GPODomainController><BackupTime><![CDATA[2025-03-24T17:53:56]]></BackupTime><ID><![CDATA[{BF2406D0-A259-4BAF-9CE9-3D3F81A80D81}]]></ID><Comment><![CDATA[]]></Comment><GPODisplayName><![CDATA[Group Policy - Wait for Network]]></GPODisplayName></BackupInst><BackupInst><GPOGuid><![CDATA[{3a62c4df-9dc2-417a-bcdb-6310704a433d}]]></GPOGuid><GPODomain><![CDATA[generic.local]]></GPODomain><GPODomainGuid><![CDATA[{04cef035-999e-42d2-a4b0-ec110bfb1fc2}]]></GPODomainGuid><GPODomainController><![CDATA[dc-1.generic.local]]></GPODomainController><BackupTime><![CDATA[2025-03-24T17:53:56]]></BackupTime><ID><![CDATA[{003A9AD3-A588-48ED-A64D-F554EFE418FF}]]></ID><Comment><![CDATA[]]></Comment><GPODisplayName><![CDATA[Group Policy - Diagnostics]]></GPODisplayName></BackupInst><BackupInst><GPOGuid><![CDATA[{4f9c8369-1ae8-44b2-9c93-7f7c5e84a19f}]]></GPOGuid><GPODomain><![CDATA[generic.local]]></GPODomain><GPODomainGuid><![CDATA[{04cef035-999e-42d2-a4b0-ec110bfb1fc2}]]></GPODomainGuid><GPODomainController><![CDATA[dc-1.generic.local]]></GPODomainController><BackupTime><![CDATA[2025-03-24T17:53:56]]></BackupTime><ID><![CDATA[{064CF544-6300-4202-A4FE-8F640023BEA8}]]></ID><Comment><![CDATA[]]></Comment><GPODisplayName><![CDATA[Security - TLS Ciphers]]></GPODisplayName></BackupInst><BackupInst><GPOGuid><![CDATA[{0f8e155e-7bce-4e4f-a291-b74110c5a35a}]]></GPOGuid><GPODomain><![CDATA[generic.local]]></GPODomain><GPODomainGuid><![CDATA[{04cef035-999e-42d2-a4b0-ec110bfb1fc2}]]></GPODomainGuid><GPODomainController><![CDATA[dc-1.generic.local]]></GPODomainController><BackupTime><![CDATA[2025-03-24T17:53:55]]></BackupTime><ID><![CDATA[{3573B9E6-82D4-474B-834D-3D03931877A7}]]></ID><Comment><![CDATA[]]></Comment><GPODisplayName><![CDATA[Security - TLS Ciphers - Clients]]></GPODisplayName></BackupInst><BackupInst><GPOGuid><![CDATA[{3d44599e-0ea8-4e9c-9255-bb0abf28ad81}]]></GPOGuid><GPODomain><![CDATA[generic.local]]></GPODomain><GPODomainGuid><![CDATA[{04cef035-999e-42d2-a4b0-ec110bfb1fc2}]]></GPODomainGuid><GPODomainController><![CDATA[dc-1.generic.local]]></GPODomainController><BackupTime><![CDATA[2025-03-24T17:53:55]]></BackupTime><ID><![CDATA[{7475953A-3A8C-4CFC-880E-A11F6C0AB6BA}]]></ID><Comment><![CDATA[]]></Comment><GPODisplayName><![CDATA[Security - TLS Protocols - Clients]]></GPODisplayName></BackupInst><BackupInst><GPOGuid><![CDATA[{67ea6d72-fe91-4215-b4b4-1f67235287e1}]]></GPOGuid><GPODomain><![CDATA[generic.local]]></GPODomain><GPODomainGuid><![CDATA[{04cef035-999e-42d2-a4b0-ec110bfb1fc2}]]></GPODomainGuid><GPODomainController><![CDATA[dc-1.generic.local]]></GPODomainController><BackupTime><![CDATA[2025-03-24T17:53:55]]></BackupTime><ID><![CDATA[{CFB27CAC-6F14-4341-8EA7-327F15BED5B1}]]></ID><Comment><![CDATA[]]></Comment><GPODisplayName><![CDATA[Security - TLS Hashes]]></GPODisplayName></BackupInst><BackupInst><GPOGuid><![CDATA[{8b540bd7-7b5e-4a10-b2e4-041551161873}]]></GPOGuid><GPODomain><![CDATA[generic.local]]></GPODomain><GPODomainGuid><![CDATA[{04cef035-999e-42d2-a4b0-ec110bfb1fc2}]]></GPODomainGuid><GPODomainController><![CDATA[dc-1.generic.local]]></GPODomainController><BackupTime><![CDATA[2025-03-24T17:53:54]]></BackupTime><ID><![CDATA[{2CCB9BC6-5F50-4B11-9942-05DEC617D96E}]]></ID><Comment><![CDATA[]]></Comment><GPODisplayName><![CDATA[Security - TLS Software - Clients]]></GPODisplayName></BackupInst><BackupInst><GPOGuid><![CDATA[{2a76c092-3dc2-438e-9906-f457b184531b}]]></GPOGuid><GPODomain><![CDATA[generic.local]]></GPODomain><GPODomainGuid><![CDATA[{04cef035-999e-42d2-a4b0-ec110bfb1fc2}]]></GPODomainGuid><GPODomainController><![CDATA[dc-1.generic.local]]></GPODomainController><BackupTime><![CDATA[2025-03-24T17:53:54]]></BackupTime><ID><![CDATA[{B6474851-AF56-44A5-9AD9-D780B1631878}]]></ID><Comment><![CDATA[]]></Comment><GPODisplayName><![CDATA[Login - Allow Network Selection]]></GPODisplayName></BackupInst><BackupInst><GPOGuid><![CDATA[{149128ec-9908-4659-bfd7-2c9df1b8106a}]]></GPOGuid><GPODomain><![CDATA[generic.local]]></GPODomain><GPODomainGuid><![CDATA[{04cef035-999e-42d2-a4b0-ec110bfb1fc2}]]></GPODomainGuid><GPODomainController><![CDATA[dc-1.generic.local]]></GPODomainController><BackupTime><![CDATA[2025-03-24T17:53:54]]></BackupTime><ID><![CDATA[{8CB0A397-44A4-40F0-B27D-7312C4DCF20F}]]></ID><Comment><![CDATA[]]></Comment><GPODisplayName><![CDATA[Login - Allow Shutdown]]></GPODisplayName></BackupInst><BackupInst><GPOGuid><![CDATA[{dae7f2d0-423d-4d89-8da3-93d342dc5bb1}]]></GPOGuid><GPODomain><![CDATA[generic.local]]></GPODomain><GPODomainGuid><![CDATA[{04cef035-999e-42d2-a4b0-ec110bfb1fc2}]]></GPODomainGuid><GPODomainController><![CDATA[dc-1.generic.local]]></GPODomainController><BackupTime><![CDATA[2025-03-24T17:53:54]]></BackupTime><ID><![CDATA[{34C6319F-DADD-46CF-85FA-BC1659CDB311}]]></ID><Comment><![CDATA[]]></Comment><GPODisplayName><![CDATA[Local Groups - Hyper-V]]></GPODisplayName></BackupInst><BackupInst><GPOGuid><![CDATA[{e2b4d1bf-7900-4222-8651-4fcc67027cba}]]></GPOGuid><GPODomain><![CDATA[generic.local]]></GPODomain><GPODomainGuid><![CDATA[{04cef035-999e-42d2-a4b0-ec110bfb1fc2}]]></GPODomainGuid><GPODomainController><![CDATA[dc-1.generic.local]]></GPODomainController><BackupTime><![CDATA[2025-03-24T17:53:53]]></BackupTime><ID><![CDATA[{9E8740A1-CA96-48B3-A2A7-AB08EF5E7038}]]></ID><Comment><![CDATA[]]></Comment><GPODisplayName><![CDATA[Network - Trusted Zones - GPMC]]></GPODisplayName></BackupInst><BackupInst><GPOGuid><![CDATA[{7598bcfb-4efc-4aa2-a5ef-d078ff09fe57}]]></GPOGuid><GPODomain><![CDATA[generic.local]]></GPODomain><GPODomainGuid><![CDATA[{04cef035-999e-42d2-a4b0-ec110bfb1fc2}]]></GPODomainGuid><GPODomainController><![CDATA[dc-1.generic.local]]></GPODomainController><BackupTime><![CDATA[2025-03-24T17:53:53]]></BackupTime><ID><![CDATA[{9D1E2300-BC6B-436C-B971-CEE37EB1F63F}]]></ID><Comment><![CDATA[]]></Comment><GPODisplayName><![CDATA[Kerberos - Encryption Types]]></GPODisplayName></BackupInst><BackupInst><GPOGuid><![CDATA[{82b87ae2-d0bf-4a46-8bdc-cddb085a9cb5}]]></GPOGuid><GPODomain><![CDATA[generic.local]]></GPODomain><GPODomainGuid><![CDATA[{04cef035-999e-42d2-a4b0-ec110bfb1fc2}]]></GPODomainGuid><GPODomainController><![CDATA[dc-1.generic.local]]></GPODomainController><BackupTime><![CDATA[2025-03-24T17:53:53]]></BackupTime><ID><![CDATA[{B1926259-4182-470D-9975-08B0400833F6}]]></ID><Comment><![CDATA[]]></Comment><GPODisplayName><![CDATA[Windows Admin Center - Allow Credential Delegation]]></GPODisplayName></BackupInst><BackupInst><GPOGuid><![CDATA[{b717b298-c8e5-4c31-be66-c3c03cbef078}]]></GPOGuid><GPODomain><![CDATA[generic.local]]></GPODomain><GPODomainGuid><![CDATA[{04cef035-999e-42d2-a4b0-ec110bfb1fc2}]]></GPODomainGuid><GPODomainController><![CDATA[dc-1.generic.local]]></GPODomainController><BackupTime><![CDATA[2025-03-24T17:53:53]]></BackupTime><ID><![CDATA[{CA58BE58-F33C-4C44-81BB-766B090C1E33}]]></ID><Comment><![CDATA[]]></Comment><GPODisplayName><![CDATA[Scripts - Update-ComputerName]]></GPODisplayName></BackupInst><BackupInst><GPOGuid><![CDATA[{5f0fbd79-6329-4417-84a8-c0ebb5986c85}]]></GPOGuid><GPODomain><![CDATA[generic.local]]></GPODomain><GPODomainGuid><![CDATA[{04cef035-999e-42d2-a4b0-ec110bfb1fc2}]]></GPODomainGuid><GPODomainController><![CDATA[dc-1.generic.local]]></GPODomainController><BackupTime><![CDATA[2025-03-24T17:53:52]]></BackupTime><ID><![CDATA[{A5881090-BC4E-454D-8A87-2F66858F9F9F}]]></ID><Comment><![CDATA[]]></Comment><GPODisplayName><![CDATA[Windows Update - 5AM Tuesday - Install]]></GPODisplayName></BackupInst><BackupInst><GPOGuid><![CDATA[{830ac2b3-8133-4dad-bd7d-477317e41c7e}]]></GPOGuid><GPODomain><![CDATA[generic.local]]></GPODomain><GPODomainGuid><![CDATA[{04cef035-999e-42d2-a4b0-ec110bfb1fc2}]]></GPODomainGuid><GPODomainController><![CDATA[dc-1.generic.local]]></GPODomainController><BackupTime><![CDATA[2025-03-24T17:53:52]]></BackupTime><ID><![CDATA[{F390DDB8-F217-4C2E-A89A-80EFC2793898}]]></ID><Comment><![CDATA[]]></Comment><GPODisplayName><![CDATA[Domain Controllers - Event Log - Directory Service]]></GPODisplayName></BackupInst><BackupInst><GPOGuid><![CDATA[{fbbae6f2-635e-4019-9f78-f84099b831f3}]]></GPOGuid><GPODomain><![CDATA[generic.local]]></GPODomain><GPODomainGuid><![CDATA[{04cef035-999e-42d2-a4b0-ec110bfb1fc2}]]></GPODomainGuid><GPODomainController><![CDATA[dc-1.generic.local]]></GPODomainController><BackupTime><![CDATA[2025-03-24T17:53:52]]></BackupTime><ID><![CDATA[{88BE96ED-02A5-47CB-AC40-4A67F21F82C8}]]></ID><Comment><![CDATA[]]></Comment><GPODisplayName><![CDATA[Windows Update - 1AM Daily - Download]]></GPODisplayName></BackupInst><BackupInst><GPOGuid><![CDATA[{721c33ce-6028-4eb1-97e0-5bd3262fabf8}]]></GPOGuid><GPODomain><![CDATA[generic.local]]></GPODomain><GPODomainGuid><![CDATA[{04cef035-999e-42d2-a4b0-ec110bfb1fc2}]]></GPODomainGuid><GPODomainController><![CDATA[dc-1.generic.local]]></GPODomainController><BackupTime><![CDATA[2025-03-24T17:53:52]]></BackupTime><ID><![CDATA[{71EAE5E6-0EAF-44EC-AD99-1C2B8EF92F65}]]></ID><Comment><![CDATA[]]></Comment><GPODisplayName><![CDATA[Firewall Rules - Windows Remote Management]]></GPODisplayName></BackupInst><BackupInst><GPOGuid><![CDATA[{4097d170-db64-41e7-bb1b-d4e6e72b8bcc}]]></GPOGuid><GPODomain><![CDATA[generic.local]]></GPODomain><GPODomainGuid><![CDATA[{04cef035-999e-42d2-a4b0-ec110bfb1fc2}]]></GPODomainGuid><GPODomainController><![CDATA[dc-1.generic.local]]></GPODomainController><BackupTime><![CDATA[2025-03-24T17:53:51]]></BackupTime><ID><![CDATA[{B47285B4-4DF3-4DFF-B196-84EBA283D120}]]></ID><Comment><![CDATA[]]></Comment><GPODisplayName><![CDATA[Login - Enable Windows Hello]]></GPODisplayName></BackupInst><BackupInst><GPOGuid><![CDATA[{f93cb412-f10a-4a31-ab1e-78a751c08ff6}]]></GPOGuid><GPODomain><![CDATA[generic.local]]></GPODomain><GPODomainGuid><![CDATA[{04cef035-999e-42d2-a4b0-ec110bfb1fc2}]]></GPODomainGuid><GPODomainController><![CDATA[dc-1.generic.local]]></GPODomainController><BackupTime><![CDATA[2025-03-24T17:53:51]]></BackupTime><ID><![CDATA[{DEADE256-9D6D-4605-93E8-B9F475BE00FF}]]></ID><Comment><![CDATA[]]></Comment><GPODisplayName><![CDATA[Login - Interactive Logon - Clients]]></GPODisplayName></BackupInst><BackupInst><GPOGuid><![CDATA[{8f007e29-0514-49d7-b2d0-ec6fda2adfb4}]]></GPOGuid><GPODomain><![CDATA[generic.local]]></GPODomain><GPODomainGuid><![CDATA[{04cef035-999e-42d2-a4b0-ec110bfb1fc2}]]></GPODomainGuid><GPODomainController><![CDATA[dc-1.generic.local]]></GPODomainController><BackupTime><![CDATA[2025-03-24T17:53:51]]></BackupTime><ID><![CDATA[{610DE78D-10DB-4F6D-A7A1-8246BE758A50}]]></ID><Comment><![CDATA[]]></Comment><GPODisplayName><![CDATA[Network - Trusted Zones - Azure AD]]></GPODisplayName></BackupInst><BackupInst><GPOGuid><![CDATA[{660eb9ab-7eb8-4d7a-97d5-c21f8f67fbae}]]></GPOGuid><GPODomain><![CDATA[generic.local]]></GPODomain><GPODomainGuid><![CDATA[{04cef035-999e-42d2-a4b0-ec110bfb1fc2}]]></GPODomainGuid><GPODomainController><![CDATA[dc-1.generic.local]]></GPODomainController><BackupTime><![CDATA[2025-03-24T17:53:50]]></BackupTime><ID><![CDATA[{1DFF31A1-7DF7-4CC7-AD34-4AF7C7906182}]]></ID><Comment><![CDATA[]]></Comment><GPODisplayName><![CDATA[Security - TLS Software]]></GPODisplayName></BackupInst><BackupInst><GPOGuid><![CDATA[{b76afee9-44a1-4bfc-ade1-ff86ad9018b8}]]></GPOGuid><GPODomain><![CDATA[generic.local]]></GPODomain><GPODomainGuid><![CDATA[{04cef035-999e-42d2-a4b0-ec110bfb1fc2}]]></GPODomainGuid><GPODomainController><![CDATA[dc-1.generic.local]]></GPODomainController><BackupTime><![CDATA[2025-03-24T17:53:50]]></BackupTime><ID><![CDATA[{66C69677-97C6-4E76-86F9-5F8C85EDAFA2}]]></ID><Comment><![CDATA[]]></Comment><GPODisplayName><![CDATA[Network - Prefer IPv4 over IPv6]]></GPODisplayName></BackupInst><BackupInst><GPOGuid><![CDATA[{26ec23df-91d1-4926-baa6-873edf345014}]]></GPOGuid><GPODomain><![CDATA[generic.local]]></GPODomain><GPODomainGuid><![CDATA[{04cef035-999e-42d2-a4b0-ec110bfb1fc2}]]></GPODomainGuid><GPODomainController><![CDATA[dc-1.generic.local]]></GPODomainController><BackupTime><![CDATA[2025-03-24T17:53:50]]></BackupTime><ID><![CDATA[{333FA4DC-9C10-432A-8FED-E1A7D0EF66E4}]]></ID><Comment><![CDATA[]]></Comment><GPODisplayName><![CDATA[Domain Controllers - Event Log - LDAP Events]]></GPODisplayName></BackupInst><BackupInst><GPOGuid><![CDATA[{07b0202f-3f3e-4484-bd27-a81e7a031e78}]]></GPOGuid><GPODomain><![CDATA[generic.local]]></GPODomain><GPODomainGuid><![CDATA[{04cef035-999e-42d2-a4b0-ec110bfb1fc2}]]></GPODomainGuid><GPODomainController><![CDATA[dc-1.generic.local]]></GPODomainController><BackupTime><![CDATA[2025-03-24T17:53:50]]></BackupTime><ID><![CDATA[{295BD2DA-090A-4B03-8986-DB0D54BB737F}]]></ID><Comment><![CDATA[]]></Comment><GPODisplayName><![CDATA[Network - Disable LLMNR]]></GPODisplayName></BackupInst><BackupInst><GPOGuid><![CDATA[{61c6b39c-1d36-4058-8344-398c3cf3d6c6}]]></GPOGuid><GPODomain><![CDATA[generic.local]]></GPODomain><GPODomainGuid><![CDATA[{04cef035-999e-42d2-a4b0-ec110bfb1fc2}]]></GPODomainGuid><GPODomainController><![CDATA[dc-1.generic.local]]></GPODomainController><BackupTime><![CDATA[2025-03-24T17:53:50]]></BackupTime><ID><![CDATA[{65F7A57A-0C8D-4400-B8A6-ED6EDE113EDC}]]></ID><Comment><![CDATA[]]></Comment><GPODisplayName><![CDATA[Network - Set NetBT to P-mode]]></GPODisplayName></BackupInst><BackupInst><GPOGuid><![CDATA[{d91c7e8b-19f0-4d36-8ac5-78372c700ad4}]]></GPOGuid><GPODomain><![CDATA[generic.local]]></GPODomain><GPODomainGuid><![CDATA[{04cef035-999e-42d2-a4b0-ec110bfb1fc2}]]></GPODomainGuid><GPODomainController><![CDATA[dc-1.generic.local]]></GPODomainController><BackupTime><![CDATA[2025-03-24T17:53:49]]></BackupTime><ID><![CDATA[{E6F530F9-FB27-4CB6-BC20-9241ACE60761}]]></ID><Comment><![CDATA[]]></Comment><GPODisplayName><![CDATA[Desktop Background - Workstations]]></GPODisplayName></BackupInst><BackupInst><GPOGuid><![CDATA[{8f5003cf-ecce-4579-9f73-a475ad7ded15}]]></GPOGuid><GPODomain><![CDATA[generic.local]]></GPODomain><GPODomainGuid><![CDATA[{04cef035-999e-42d2-a4b0-ec110bfb1fc2}]]></GPODomainGuid><GPODomainController><![CDATA[dc-1.generic.local]]></GPODomainController><BackupTime><![CDATA[2025-03-24T17:53:49]]></BackupTime><ID><![CDATA[{FDC3A5AB-D143-4E0A-BD0D-62BB0E063E41}]]></ID><Comment><![CDATA[]]></Comment><GPODisplayName><![CDATA[DNS Client - Register PTR Records]]></GPODisplayName></BackupInst><BackupInst><GPOGuid><![CDATA[{873c62cc-6654-4988-893a-2615d09f8ab8}]]></GPOGuid><GPODomain><![CDATA[generic.local]]></GPODomain><GPODomainGuid><![CDATA[{04cef035-999e-42d2-a4b0-ec110bfb1fc2}]]></GPODomainGuid><GPODomainController><![CDATA[dc-1.generic.local]]></GPODomainController><BackupTime><![CDATA[2025-03-24T17:53:49]]></BackupTime><ID><![CDATA[{7B4AF8AC-34F9-4BF2-9E9D-631ABC3970F5}]]></ID><Comment><![CDATA[]]></Comment><GPODisplayName><![CDATA[Domain Controllers - DC Locator Records]]></GPODisplayName></BackupInst><BackupInst><GPOGuid><![CDATA[{a40f2196-37fc-4701-96c5-9076c782a09a}]]></GPOGuid><GPODomain><![CDATA[generic.local]]></GPODomain><GPODomainGuid><![CDATA[{04cef035-999e-42d2-a4b0-ec110bfb1fc2}]]></GPODomainGuid><GPODomainController><![CDATA[dc-1.generic.local]]></GPODomainController><BackupTime><![CDATA[2025-03-24T17:53:48]]></BackupTime><ID><![CDATA[{7620753B-07CB-4AE2-9031-CA89B9E690D3}]]></ID><Comment><![CDATA[]]></Comment><GPODisplayName><![CDATA[Windows - Fix Server Manager]]></GPODisplayName></BackupInst><BackupInst><GPOGuid><![CDATA[{1b5b392b-6476-4b6b-9bfa-96133302d2d4}]]></GPOGuid><GPODomain><![CDATA[generic.local]]></GPODomain><GPODomainGuid><![CDATA[{04cef035-999e-42d2-a4b0-ec110bfb1fc2}]]></GPODomainGuid><GPODomainController><![CDATA[dc-1.generic.local]]></GPODomainController><BackupTime><![CDATA[2025-03-24T17:53:48]]></BackupTime><ID><![CDATA[{41D7174D-BE19-4CF6-804A-EC347A981370}]]></ID><Comment><![CDATA[]]></Comment><GPODisplayName><![CDATA[DNS Client - Set DNS Time-To-Live]]></GPODisplayName></BackupInst><BackupInst><GPOGuid><![CDATA[{58791507-6cd1-4162-9404-a2fd3aa68c54}]]></GPOGuid><GPODomain><![CDATA[generic.local]]></GPODomain><GPODomainGuid><![CDATA[{04cef035-999e-42d2-a4b0-ec110bfb1fc2}]]></GPODomainGuid><GPODomainController><![CDATA[dc-1.generic.local]]></GPODomainController><BackupTime><![CDATA[2025-03-24T17:53:48]]></BackupTime><ID><![CDATA[{18DF914D-CF50-4532-9370-A6753106045E}]]></ID><Comment><![CDATA[]]></Comment><GPODisplayName><![CDATA[Desktop Background - Virtual]]></GPODisplayName></BackupInst><BackupInst><GPOGuid><![CDATA[{adc57fd9-fefb-43a9-ba3f-49606656d300}]]></GPOGuid><GPODomain><![CDATA[generic.local]]></GPODomain><GPODomainGuid><![CDATA[{04cef035-999e-42d2-a4b0-ec110bfb1fc2}]]></GPODomainGuid><GPODomainController><![CDATA[dc-1.generic.local]]></GPODomainController><BackupTime><![CDATA[2025-03-24T17:53:48]]></BackupTime><ID><![CDATA[{70FF6E6E-D3CC-4232-BA09-515B44DFCC3F}]]></ID><Comment><![CDATA[]]></Comment><GPODisplayName><![CDATA[Desktop Background - Physical]]></GPODisplayName></BackupInst><BackupInst><GPOGuid><![CDATA[{423ab64c-52de-4850-ba9e-0c596a5cc297}]]></GPOGuid><GPODomain><![CDATA[generic.local]]></GPODomain><GPODomainGuid><![CDATA[{04cef035-999e-42d2-a4b0-ec110bfb1fc2}]]></GPODomainGuid><GPODomainController><![CDATA[dc-1.generic.local]]></GPODomainController><BackupTime><![CDATA[2025-03-24T17:53:47]]></BackupTime><ID><![CDATA[{96EFB773-D120-4EDF-AF3F-D49A42D69B18}]]></ID><Comment><![CDATA[]]></Comment><GPODisplayName><![CDATA[Desktop Background - Default]]></GPODisplayName></BackupInst><BackupInst><GPOGuid><![CDATA[{4bd4aabe-5e70-439e-9994-4ed7e2a2a544}]]></GPOGuid><GPODomain><![CDATA[generic.local]]></GPODomain><GPODomainGuid><![CDATA[{04cef035-999e-42d2-a4b0-ec110bfb1fc2}]]></GPODomainGuid><GPODomainController><![CDATA[dc-1.generic.local]]></GPODomainController><BackupTime><![CDATA[2025-03-24T17:53:47]]></BackupTime><ID><![CDATA[{2F184058-9065-46AD-8EE3-F0BE39B926E0}]]></ID><Comment><![CDATA[]]></Comment><GPODisplayName><![CDATA[Windows Update - 2AM Daily - Download]]></GPODisplayName></BackupInst><BackupInst><GPOGuid><![CDATA[{ca9d3da1-3b01-4055-9e0d-931f264bad43}]]></GPOGuid><GPODomain><![CDATA[generic.local]]></GPODomain><GPODomainGuid><![CDATA[{04cef035-999e-42d2-a4b0-ec110bfb1fc2}]]></GPODomainGuid><GPODomainController><![CDATA[dc-1.generic.local]]></GPODomainController><BackupTime><![CDATA[2025-03-24T17:53:47]]></BackupTime><ID><![CDATA[{403682CD-AE58-484D-9231-1C4823AEC60A}]]></ID><Comment><![CDATA[]]></Comment><GPODisplayName><![CDATA[Windows Update - 3AM Daily - Install]]></GPODisplayName></BackupInst><BackupInst><GPOGuid><![CDATA[{9bb32ff4-2051-41d7-b900-2e7a2a7f949f}]]></GPOGuid><GPODomain><![CDATA[generic.local]]></GPODomain><GPODomainGuid><![CDATA[{04cef035-999e-42d2-a4b0-ec110bfb1fc2}]]></GPODomainGuid><GPODomainController><![CDATA[dc-1.generic.local]]></GPODomainController><BackupTime><![CDATA[2025-03-24T17:53:47]]></BackupTime><ID><![CDATA[{D749DEDB-37D3-4FDA-8482-3C1236F6A6BD}]]></ID><Comment><![CDATA[]]></Comment><GPODisplayName><![CDATA[Firewall Rules - Remote Shutdown]]></GPODisplayName></BackupInst><BackupInst><GPOGuid><![CDATA[{89325e10-b084-4a6b-be93-7143ca41df84}]]></GPOGuid><GPODomain><![CDATA[generic.local]]></GPODomain><GPODomainGuid><![CDATA[{04cef035-999e-42d2-a4b0-ec110bfb1fc2}]]></GPODomainGuid><GPODomainController><![CDATA[dc-1.generic.local]]></GPODomainController><BackupTime><![CDATA[2025-03-24T17:53:46]]></BackupTime><ID><![CDATA[{91DC00A2-FFA7-44C9-A6E0-871A0222975C}]]></ID><Comment><![CDATA[]]></Comment><GPODisplayName><![CDATA[Firewall Rules - Web Servers]]></GPODisplayName></BackupInst><BackupInst><GPOGuid><![CDATA[{98435974-aaba-4bd5-9f98-2ed1525ae3b6}]]></GPOGuid><GPODomain><![CDATA[generic.local]]></GPODomain><GPODomainGuid><![CDATA[{04cef035-999e-42d2-a4b0-ec110bfb1fc2}]]></GPODomainGuid><GPODomainController><![CDATA[dc-1.generic.local]]></GPODomainController><BackupTime><![CDATA[2025-03-24T17:53:46]]></BackupTime><ID><![CDATA[{F27E253E-29AA-48EC-8333-ED23610C790C}]]></ID><Comment><![CDATA[]]></Comment><GPODisplayName><![CDATA[Security - TLS Protocols]]></GPODisplayName></BackupInst><BackupInst><GPOGuid><![CDATA[{30fcb249-588e-43e0-aeee-63992841f963}]]></GPOGuid><GPODomain><![CDATA[generic.local]]></GPODomain><GPODomainGuid><![CDATA[{04cef035-999e-42d2-a4b0-ec110bfb1fc2}]]></GPODomainGuid><GPODomainController><![CDATA[dc-1.generic.local]]></GPODomainController><BackupTime><![CDATA[2025-03-24T17:53:46]]></BackupTime><ID><![CDATA[{CAF74B9F-9956-4A3A-AF05-84FB5825D7B2}]]></ID><Comment><![CDATA[]]></Comment><GPODisplayName><![CDATA[Windows - External Time Source]]></GPODisplayName></BackupInst><BackupInst><GPOGuid><![CDATA[{cac3e277-0530-47da-9278-bcced1cdb9ec}]]></GPOGuid><GPODomain><![CDATA[generic.local]]></GPODomain><GPODomainGuid><![CDATA[{04cef035-999e-42d2-a4b0-ec110bfb1fc2}]]></GPODomainGuid><GPODomainController><![CDATA[dc-1.generic.local]]></GPODomainController><BackupTime><![CDATA[2025-03-24T17:53:46]]></BackupTime><ID><![CDATA[{0DFF2547-3AC9-41C2-AC83-190081DA4A5B}]]></ID><Comment><![CDATA[]]></Comment><GPODisplayName><![CDATA[Firewall Rules - Hyper-V]]></GPODisplayName></BackupInst><BackupInst><GPOGuid><![CDATA[{3cb4cce7-3f84-46a2-8889-bc8f488e1ce3}]]></GPOGuid><GPODomain><![CDATA[generic.local]]></GPODomain><GPODomainGuid><![CDATA[{04cef035-999e-42d2-a4b0-ec110bfb1fc2}]]></GPODomainGuid><GPODomainController><![CDATA[dc-1.generic.local]]></GPODomainController><BackupTime><![CDATA[2025-03-24T17:53:45]]></BackupTime><ID><![CDATA[{EFED4E70-3CC6-464E-9B70-597BBA9AB636}]]></ID><Comment><![CDATA[]]></Comment><GPODisplayName><![CDATA[Explorer - 3D Objects]]></GPODisplayName></BackupInst><BackupInst><GPOGuid><![CDATA[{aaaed136-5662-44cf-9b97-9f0464f6295c}]]></GPOGuid><GPODomain><![CDATA[generic.local]]></GPODomain><GPODomainGuid><![CDATA[{04cef035-999e-42d2-a4b0-ec110bfb1fc2}]]></GPODomainGuid><GPODomainController><![CDATA[dc-1.generic.local]]></GPODomainController><BackupTime><![CDATA[2025-03-24T17:53:45]]></BackupTime><ID><![CDATA[{4D858C8A-D82B-445F-8DA8-FA949AA29838}]]></ID><Comment><![CDATA[]]></Comment><GPODisplayName><![CDATA[Windows - Fix NumLock State]]></GPODisplayName></BackupInst><BackupInst><GPOGuid><![CDATA[{23de91a7-90a6-44b4-b8be-3609f8392b45}]]></GPOGuid><GPODomain><![CDATA[generic.local]]></GPODomain><GPODomainGuid><![CDATA[{04cef035-999e-42d2-a4b0-ec110bfb1fc2}]]></GPODomainGuid><GPODomainController><![CDATA[dc-1.generic.local]]></GPODomainController><BackupTime><![CDATA[2025-03-24T17:53:45]]></BackupTime><ID><![CDATA[{853CB90B-A102-4072-88BA-2DD8AEC246B2}]]></ID><Comment><![CDATA[]]></Comment><GPODisplayName><![CDATA[Firewall Rules - Remote Event Log Management]]></GPODisplayName></BackupInst><BackupInst><GPOGuid><![CDATA[{cdc13d5b-e38a-4a73-bef6-da6c51974197}]]></GPOGuid><GPODomain><![CDATA[generic.local]]></GPODomain><GPODomainGuid><![CDATA[{04cef035-999e-42d2-a4b0-ec110bfb1fc2}]]></GPODomainGuid><GPODomainController><![CDATA[dc-1.generic.local]]></GPODomainController><BackupTime><![CDATA[2025-03-24T17:53:44]]></BackupTime><ID><![CDATA[{EEDF656D-764A-4588-ABF0-174482B7B5C2}]]></ID><Comment><![CDATA[]]></Comment><GPODisplayName><![CDATA[Firewall Rules - File Sharing]]></GPODisplayName></BackupInst><BackupInst><GPOGuid><![CDATA[{c8d03fef-31da-492c-80ca-04738e454410}]]></GPOGuid><GPODomain><![CDATA[generic.local]]></GPODomain><GPODomainGuid><![CDATA[{04cef035-999e-42d2-a4b0-ec110bfb1fc2}]]></GPODomainGuid><GPODomainController><![CDATA[dc-1.generic.local]]></GPODomainController><BackupTime><![CDATA[2025-03-24T17:53:44]]></BackupTime><ID><![CDATA[{BBDD47E9-3815-471B-8340-6149FFDE6F2F}]]></ID><Comment><![CDATA[]]></Comment><GPODisplayName><![CDATA[Group Policy - Replace Mode]]></GPODisplayName></BackupInst><BackupInst><GPOGuid><![CDATA[{8ca94999-49c3-4e82-ad6c-9aacb1fe38ec}]]></GPOGuid><GPODomain><![CDATA[generic.local]]></GPODomain><GPODomainGuid><![CDATA[{04cef035-999e-42d2-a4b0-ec110bfb1fc2}]]></GPODomainGuid><GPODomainController><![CDATA[dc-1.generic.local]]></GPODomainController><BackupTime><![CDATA[2025-03-24T17:53:43]]></BackupTime><ID><![CDATA[{439327C1-FFD0-4A0D-9082-E3DCD18577D1}]]></ID><Comment><![CDATA[]]></Comment><GPODisplayName><![CDATA[Explorer - Folder Options]]></GPODisplayName></BackupInst><BackupInst><GPOGuid><![CDATA[{f4657801-8e7e-446e-84f1-d47c56c3ff33}]]></GPOGuid><GPODomain><![CDATA[generic.local]]></GPODomain><GPODomainGuid><![CDATA[{04cef035-999e-42d2-a4b0-ec110bfb1fc2}]]></GPODomainGuid><GPODomainController><![CDATA[dc-1.generic.local]]></GPODomainController><BackupTime><![CDATA[2025-03-24T17:53:43]]></BackupTime><ID><![CDATA[{16B73383-9435-4DAD-A555-CD63CC6E7907}]]></ID><Comment><![CDATA[]]></Comment><GPODisplayName><![CDATA[Explorer - Start Menu]]></GPODisplayName></BackupInst><BackupInst><GPOGuid><![CDATA[{8bd164bd-fd24-4450-9362-074f49afccf5}]]></GPOGuid><GPODomain><![CDATA[generic.local]]></GPODomain><GPODomainGuid><![CDATA[{04cef035-999e-42d2-a4b0-ec110bfb1fc2}]]></GPODomainGuid><GPODomainController><![CDATA[dc-1.generic.local]]></GPODomainController><BackupTime><![CDATA[2025-03-24T17:53:43]]></BackupTime><ID><![CDATA[{F6C99B42-1928-4FD2-AB45-5BAF7C5AD3CC}]]></ID><Comment><![CDATA[]]></Comment><GPODisplayName><![CDATA[Windows Update - 5AM Monday - Install]]></GPODisplayName></BackupInst><BackupInst><GPOGuid><![CDATA[{e5cd7b06-0c39-4e5d-b9cf-924e427ae026}]]></GPOGuid><GPODomain><![CDATA[generic.local]]></GPODomain><GPODomainGuid><![CDATA[{04cef035-999e-42d2-a4b0-ec110bfb1fc2}]]></GPODomainGuid><GPODomainController><![CDATA[dc-1.generic.local]]></GPODomainController><BackupTime><![CDATA[2025-03-24T17:53:42]]></BackupTime><ID><![CDATA[{F6AF04E9-953B-4093-91A7-15B68BF9B394}]]></ID><Comment><![CDATA[]]></Comment><GPODisplayName><![CDATA[Firewall Rules - Remote Service Management]]></GPODisplayName></BackupInst><BackupInst><GPOGuid><![CDATA[{b6749b8d-9384-4c73-877b-097ee8b59a80}]]></GPOGuid><GPODomain><![CDATA[generic.local]]></GPODomain><GPODomainGuid><![CDATA[{04cef035-999e-42d2-a4b0-ec110bfb1fc2}]]></GPODomainGuid><GPODomainController><![CDATA[dc-1.generic.local]]></GPODomainController><BackupTime><![CDATA[2025-03-24T17:53:42]]></BackupTime><ID><![CDATA[{76A5F471-53D2-46B6-B807-1633835D756E}]]></ID><Comment><![CDATA[]]></Comment><GPODisplayName><![CDATA[Remote Desktop - Template - Kerberos]]></GPODisplayName></BackupInst><BackupInst><GPOGuid><![CDATA[{8228f004-663e-4b92-95b4-301a3f40f8e1}]]></GPOGuid><GPODomain><![CDATA[generic.local]]></GPODomain><GPODomainGuid><![CDATA[{04cef035-999e-42d2-a4b0-ec110bfb1fc2}]]></GPODomainGuid><GPODomainController><![CDATA[dc-1.generic.local]]></GPODomainController><BackupTime><![CDATA[2025-03-24T17:53:41]]></BackupTime><ID><![CDATA[{8CD149F0-540E-4A41-8F87-2B542BCCCE1E}]]></ID><Comment><![CDATA[]]></Comment><GPODisplayName><![CDATA[Remote Desktop - Template - Computer]]></GPODisplayName></BackupInst><BackupInst><GPOGuid><![CDATA[{578f1b1e-5539-4f86-ab0a-eb0c99b6494c}]]></GPOGuid><GPODomain><![CDATA[generic.local]]></GPODomain><GPODomainGuid><![CDATA[{04cef035-999e-42d2-a4b0-ec110bfb1fc2}]]></GPODomainGuid><GPODomainController><![CDATA[dc-1.generic.local]]></GPODomainController><BackupTime><![CDATA[2025-03-24T17:53:41]]></BackupTime><ID><![CDATA[{62A53ECF-E0C4-4490-BE16-482963A6EBB5}]]></ID><Comment><![CDATA[]]></Comment><GPODisplayName><![CDATA[Windows Update - 4AM Daily - Install]]></GPODisplayName></BackupInst><BackupInst><GPOGuid><![CDATA[{7b90d916-a2ce-46f2-b304-e511eb13d013}]]></GPOGuid><GPODomain><![CDATA[generic.local]]></GPODomain><GPODomainGuid><![CDATA[{04cef035-999e-42d2-a4b0-ec110bfb1fc2}]]></GPODomainGuid><GPODomainController><![CDATA[dc-1.generic.local]]></GPODomainController><BackupTime><![CDATA[2025-03-24T17:53:41]]></BackupTime><ID><![CDATA[{5BDBC69B-BAD3-45F7-9C50-82FE45C9685D}]]></ID><Comment><![CDATA[]]></Comment><GPODisplayName><![CDATA[Windows Update - 6AM Tuesday - Install]]></GPODisplayName></BackupInst><BackupInst><GPOGuid><![CDATA[{6aee3306-c7fd-49a1-a2a1-af15b58141b4}]]></GPOGuid><GPODomain><![CDATA[generic.local]]></GPODomain><GPODomainGuid><![CDATA[{04cef035-999e-42d2-a4b0-ec110bfb1fc2}]]></GPODomainGuid><GPODomainController><![CDATA[dc-1.generic.local]]></GPODomainController><BackupTime><![CDATA[2025-03-24T17:53:40]]></BackupTime><ID><![CDATA[{12618FC1-029B-45D4-B0CB-585EC2BA7F8B}]]></ID><Comment><![CDATA[]]></Comment><GPODisplayName><![CDATA[Windows Update - 6AM Monday - Install]]></GPODisplayName></BackupInst><BackupInst><GPOGuid><![CDATA[{8e0fb088-cceb-4ab4-964e-efae345da99a}]]></GPOGuid><GPODomain><![CDATA[generic.local]]></GPODomain><GPODomainGuid><![CDATA[{04cef035-999e-42d2-a4b0-ec110bfb1fc2}]]></GPODomainGuid><GPODomainController><![CDATA[dc-1.generic.local]]></GPODomainController><BackupTime><![CDATA[2025-03-24T17:53:40]]></BackupTime><ID><![CDATA[{4113C1E8-0176-4A51-BE06-C8472B1FC4D2}]]></ID><Comment><![CDATA[]]></Comment><GPODisplayName><![CDATA[Windows Update - Settings]]></GPODisplayName></BackupInst><BackupInst><GPOGuid><![CDATA[{1dcd41ce-b5f5-41a0-b4b9-125da0fd0f48}]]></GPOGuid><GPODomain><![CDATA[generic.local]]></GPODomain><GPODomainGuid><![CDATA[{04cef035-999e-42d2-a4b0-ec110bfb1fc2}]]></GPODomainGuid><GPODomainController><![CDATA[dc-1.generic.local]]></GPODomainController><BackupTime><![CDATA[2025-03-24T17:53:39]]></BackupTime><ID><![CDATA[{A6A852BE-2B9D-4640-8E7A-CFB0C6345E01}]]></ID><Comment><![CDATA[]]></Comment><GPODisplayName><![CDATA[Firewall Rules - Remote Desktop]]></GPODisplayName></BackupInst><BackupInst><GPOGuid><![CDATA[{46910fd2-75e5-43f9-9992-000da2fbd76e}]]></GPOGuid><GPODomain><![CDATA[generic.local]]></GPODomain><GPODomainGuid><![CDATA[{04cef035-999e-42d2-a4b0-ec110bfb1fc2}]]></GPODomainGuid><GPODomainController><![CDATA[dc-1.generic.local]]></GPODomainController><BackupTime><![CDATA[2025-03-24T17:53:39]]></BackupTime><ID><![CDATA[{63AACA17-879E-4B13-AC02-7C4023496151}]]></ID><Comment><![CDATA[]]></Comment><GPODisplayName><![CDATA[Remote Desktop - Enabled with SSL]]></GPODisplayName></BackupInst><BackupInst><GPOGuid><![CDATA[{8393eef8-5816-4c66-939c-a84ef96ac92b}]]></GPOGuid><GPODomain><![CDATA[generic.local]]></GPODomain><GPODomainGuid><![CDATA[{04cef035-999e-42d2-a4b0-ec110bfb1fc2}]]></GPODomainGuid><GPODomainController><![CDATA[dc-1.generic.local]]></GPODomainController><BackupTime><![CDATA[2025-03-24T17:53:38]]></BackupTime><ID><![CDATA[{F20BE6FA-3E9D-4FB5-910D-CAE20440D3F0}]]></ID><Comment><![CDATA[]]></Comment><GPODisplayName><![CDATA[Firewall - Enable with Logfile]]></GPODisplayName></BackupInst></Backups>