<BackupInst xmlns="http://www.microsoft.com/GroupPolicy/GPOOperations/Manifest"><GPOGuid><![CDATA[{08519ddd-8f63-47d3-93c2-dd82e6a26826}]]></GPOGuid><GPODomain><![CDATA[domain.local]]></GPODomain><GPODomainGuid><![CDATA[{04cef035-999e-42d2-a4b0-ec110bfb1fc2}]]></GPODomainGuid><GPODomainController><![CDATA[DC-1.domain.local]]></GPODomainController><BackupTime><![CDATA[2025-03-24T01:31:14]]></BackupTime><ID><![CDATA[{075D6CD8-13D6-4264-9290-D5A9388FBC7A}]]></ID><Comment><![CDATA[]]></Comment><GPODisplayName><![CDATA[Security - NTLM - Audit All]]></GPODisplayName></BackupInst>
