<BackupInst xmlns="http://www.microsoft.com/GroupPolicy/GPOOperations/Manifest"><GPOGuid><![CDATA[{f4657801-8e7e-446e-84f1-d47c56c3ff33}]]></GPOGuid><GPODomain><![CDATA[generic.local]]></GPODomain><GPODomainGuid><![CDATA[{04cef035-999e-42d2-a4b0-ec110bfb1fc2}]]></GPODomainGuid><GPODomainController><![CDATA[dc-1.generic.local]]></GPODomainController><BackupTime><![CDATA[2025-03-24T21:23:42]]></BackupTime><ID><![CDATA[{0EBC408A-F904-4B46-8503-3AF6CD4304F2}]]></ID><Comment><![CDATA[]]></Comment><GPODisplayName><![CDATA[Explorer - Start Menu]]></GPODisplayName></BackupInst>
