<BackupInst xmlns="http://www.microsoft.com/GroupPolicy/GPOOperations/Manifest"><GPOGuid><![CDATA[{830ac2b3-8133-4dad-bd7d-477317e41c7e}]]></GPOGuid><GPODomain><![CDATA[generic.local]]></GPODomain><GPODomainGuid><![CDATA[{04cef035-999e-42d2-a4b0-ec110bfb1fc2}]]></GPODomainGuid><GPODomainController><![CDATA[dc-1.generic.local]]></GPODomainController><BackupTime><![CDATA[2025-03-24T22:46:46]]></BackupTime><ID><![CDATA[{10DB0086-77C9-41F2-8216-F80544E97616}]]></ID><Comment><![CDATA[]]></Comment><GPODisplayName><![CDATA[Domain Controllers - Event Log - Directory Service]]></GPODisplayName></BackupInst>
