<BackupInst xmlns="http://www.microsoft.com/GroupPolicy/GPOOperations/Manifest"><GPOGuid><![CDATA[{c7f272e6-5dd4-4462-a292-f9042529bf5d}]]></GPOGuid><GPODomain><![CDATA[generic.local]]></GPODomain><GPODomainGuid><![CDATA[{04cef035-999e-42d2-a4b0-ec110bfb1fc2}]]></GPODomainGuid><GPODomainController><![CDATA[dc-1.generic.local]]></GPODomainController><BackupTime><![CDATA[2025-03-24T21:55:39]]></BackupTime><ID><![CDATA[{11131BC6-3F7A-4BE6-BE0B-DF5781DB863A}]]></ID><Comment><![CDATA[]]></Comment><GPODisplayName><![CDATA[Security - LAPS - Windows]]></GPODisplayName></BackupInst>
