<BackupInst xmlns="http://www.microsoft.com/GroupPolicy/GPOOperations/Manifest"><GPOGuid><![CDATA[{adad0773-04be-4010-8645-ff9357ff1948}]]></GPOGuid><GPODomain><![CDATA[generic.local]]></GPODomain><GPODomainGuid><![CDATA[{04cef035-999e-42d2-a4b0-ec110bfb1fc2}]]></GPODomainGuid><GPODomainController><![CDATA[dc-1.generic.local]]></GPODomainController><BackupTime><![CDATA[2025-03-24T17:54:11]]></BackupTime><ID><![CDATA[{117DB260-F670-4680-A5AB-E4A37CDC460A}]]></ID><Comment><![CDATA[]]></Comment><GPODisplayName><![CDATA[Windows Defender - PowerShell Transcripts]]></GPODisplayName></BackupInst>
