<BackupInst xmlns="http://www.microsoft.com/GroupPolicy/GPOOperations/Manifest"><GPOGuid><![CDATA[{9fae9595-f20b-4973-8329-e50caaec4c5e}]]></GPOGuid><GPODomain><![CDATA[generic.local]]></GPODomain><GPODomainGuid><![CDATA[{04cef035-999e-42d2-a4b0-ec110bfb1fc2}]]></GPODomainGuid><GPODomainController><![CDATA[dc-1.generic.local]]></GPODomainController><BackupTime><![CDATA[2025-03-24T22:46:53]]></BackupTime><ID><![CDATA[{1201C641-8070-40DE-95EF-0A30FBA820CF}]]></ID><Comment><![CDATA[]]></Comment><GPODisplayName><![CDATA[Domain Controllers - Allow Computer Account Re-use]]></GPODisplayName></BackupInst>
