<BackupInst xmlns="http://www.microsoft.com/GroupPolicy/GPOOperations/Manifest"><GPOGuid><![CDATA[{a7b71d77-cc13-4eb5-bc55-b3a60ff4ae26}]]></GPOGuid><GPODomain><![CDATA[generic.local]]></GPODomain><GPODomainGuid><![CDATA[{04cef035-999e-42d2-a4b0-ec110bfb1fc2}]]></GPODomainGuid><GPODomainController><![CDATA[dc-1.generic.local]]></GPODomainController><BackupTime><![CDATA[2025-03-24T21:55:39]]></BackupTime><ID><![CDATA[{169A4D62-60FD-4E2B-8AF8-7D70B8616EE3}]]></ID><Comment><![CDATA[]]></Comment><GPODisplayName><![CDATA[Local Groups - Desktops]]></GPODisplayName></BackupInst>
