<?xml version="1.0" encoding="utf-8"?>
<RegistrySettings clsid="{A3CCFC41-DFDB-43a5-8D26-0FE8B954DA51}"><Collection clsid="{53B533F5-224C-47e3-B01B-CA3B3F3FF4BF}" name="TLS 1.0"><Registry clsid="{9CD4B2F4-923D-47f5-A062-E897DD1DAD50}" name="DisabledByDefault" status="DisabledByDefault" image="12" changed="2021-05-17 00:48:57" uid="{5626D8AE-54CF-4928-ACDD-33614FA0C2DD}"><Properties action="U" displayDecimal="0" default="0" hive="HKEY_LOCAL_MACHINE" key="SYSTEM\CurrentControlSet\Control\SecurityProviders\SCHANNEL\Protocols\TLS 1.0\Client" name="DisabledByDefault" type="REG_DWORD" value="00000000"/></Registry>
		<Registry clsid="{9CD4B2F4-923D-47f5-A062-E897DD1DAD50}" name="Enabled" status="Enabled" image="12" changed="2021-05-17 00:48:50" uid="{9CD9F05A-26F1-4374-A7BC-8CE75758B685}"><Properties action="U" displayDecimal="0" default="0" hive="HKEY_LOCAL_MACHINE" key="SYSTEM\CurrentControlSet\Control\SecurityProviders\SCHANNEL\Protocols\TLS 1.0\Client" name="Enabled" type="REG_DWORD" value="00000001"/></Registry>
		<Registry clsid="{9CD4B2F4-923D-47f5-A062-E897DD1DAD50}" name="DisabledByDefault" status="DisabledByDefault" image="12" changed="2020-08-25 19:07:37" uid="{6F4BACEF-7041-4FC6-99D6-850F3E124ED6}"><Properties action="U" displayDecimal="0" default="0" hive="HKEY_LOCAL_MACHINE" key="SYSTEM\CurrentControlSet\Control\SecurityProviders\SCHANNEL\Protocols\TLS 1.0\Server" name="DisabledByDefault" type="REG_DWORD" value="00000001"/></Registry>
		<Registry clsid="{9CD4B2F4-923D-47f5-A062-E897DD1DAD50}" name="Enabled" status="Enabled" image="12" changed="2020-08-25 19:07:26" uid="{115FAB83-4EAB-4379-8CBA-13F630689EF2}"><Properties action="U" displayDecimal="0" default="0" hive="HKEY_LOCAL_MACHINE" key="SYSTEM\CurrentControlSet\Control\SecurityProviders\SCHANNEL\Protocols\TLS 1.0\Server" name="Enabled" type="REG_DWORD" value="00000000"/></Registry>
	</Collection>
	<Collection clsid="{53B533F5-224C-47e3-B01B-CA3B3F3FF4BF}" name="TLS 1.1"><Registry clsid="{9CD4B2F4-923D-47f5-A062-E897DD1DAD50}" name="DisabledByDefault" status="DisabledByDefault" image="12" changed="2021-05-17 00:48:30" uid="{CC10FD84-344B-40D8-8CD2-699AC915A169}"><Properties action="U" displayDecimal="0" default="0" hive="HKEY_LOCAL_MACHINE" key="SYSTEM\CurrentControlSet\Control\SecurityProviders\SCHANNEL\Protocols\TLS 1.1\Client" name="DisabledByDefault" type="REG_DWORD" value="00000000"/></Registry>
		<Registry clsid="{9CD4B2F4-923D-47f5-A062-E897DD1DAD50}" name="Enabled" status="Enabled" image="12" changed="2021-05-17 00:48:23" uid="{7A80D788-02E5-4DCD-9DCE-757C7E083A05}"><Properties action="U" displayDecimal="0" default="0" hive="HKEY_LOCAL_MACHINE" key="SYSTEM\CurrentControlSet\Control\SecurityProviders\SCHANNEL\Protocols\TLS 1.1\Client" name="Enabled" type="REG_DWORD" value="00000001"/></Registry>
		<Registry clsid="{9CD4B2F4-923D-47f5-A062-E897DD1DAD50}" name="DisabledByDefault" status="DisabledByDefault" image="12" changed="2020-08-25 19:09:07" uid="{C49D75E4-BD18-48DF-AC8B-43C4602B9550}"><Properties action="U" displayDecimal="0" default="0" hive="HKEY_LOCAL_MACHINE" key="SYSTEM\CurrentControlSet\Control\SecurityProviders\SCHANNEL\Protocols\TLS 1.1\Server" name="DisabledByDefault" type="REG_DWORD" value="00000001"/></Registry>
		<Registry clsid="{9CD4B2F4-923D-47f5-A062-E897DD1DAD50}" name="Enabled" status="Enabled" image="12" changed="2020-08-25 19:09:14" uid="{2F712F44-F68B-4C4C-8A54-A36AD67E694C}"><Properties action="U" displayDecimal="0" default="0" hive="HKEY_LOCAL_MACHINE" key="SYSTEM\CurrentControlSet\Control\SecurityProviders\SCHANNEL\Protocols\TLS 1.1\Server" name="Enabled" type="REG_DWORD" value="00000000"/></Registry>
	</Collection>
	<Collection clsid="{53B533F5-224C-47e3-B01B-CA3B3F3FF4BF}" name="TLS 1.2"><Registry clsid="{9CD4B2F4-923D-47f5-A062-E897DD1DAD50}" name="DisabledByDefault" status="DisabledByDefault" image="12" changed="2020-08-25 18:47:52" uid="{85EB01F1-9A36-4B4B-AF30-0B84F201AC61}"><Properties action="U" displayDecimal="0" default="0" hive="HKEY_LOCAL_MACHINE" key="SYSTEM\CurrentControlSet\Control\SecurityProviders\SCHANNEL\Protocols\TLS 1.2\Client" name="DisabledByDefault" type="REG_DWORD" value="00000000"/></Registry>
		<Registry clsid="{9CD4B2F4-923D-47f5-A062-E897DD1DAD50}" name="Enabled" status="Enabled" image="12" changed="2020-08-25 18:47:16" uid="{438342A3-235E-465B-8668-0C5AAB2E0C5B}"><Properties action="U" displayDecimal="0" default="0" hive="HKEY_LOCAL_MACHINE" key="SYSTEM\CurrentControlSet\Control\SecurityProviders\SCHANNEL\Protocols\TLS 1.2\Client" name="Enabled" type="REG_DWORD" value="00000001"/></Registry>
		<Registry clsid="{9CD4B2F4-923D-47f5-A062-E897DD1DAD50}" name="DisabledByDefault" status="DisabledByDefault" image="12" changed="2020-08-25 18:47:40" uid="{206FC03F-05B4-494A-AFA9-0EB443CD5F4A}"><Properties action="U" displayDecimal="0" default="0" hive="HKEY_LOCAL_MACHINE" key="SYSTEM\CurrentControlSet\Control\SecurityProviders\SCHANNEL\Protocols\TLS 1.2\Server" name="DisabledByDefault" type="REG_DWORD" value="00000000"/></Registry>
		<Registry clsid="{9CD4B2F4-923D-47f5-A062-E897DD1DAD50}" name="Enabled" status="Enabled" image="12" changed="2020-08-25 18:46:56" uid="{2AA42701-AB16-4290-8CEF-B0BCCE93B856}"><Properties action="U" displayDecimal="0" default="0" hive="HKEY_LOCAL_MACHINE" key="SYSTEM\CurrentControlSet\Control\SecurityProviders\SCHANNEL\Protocols\TLS 1.2\Server" name="Enabled" type="REG_DWORD" value="00000001"/></Registry>
	</Collection>
	<Collection clsid="{53B533F5-224C-47e3-B01B-CA3B3F3FF4BF}" name="TLS 1.3"></Collection>
</RegistrySettings>
