<BackupInst xmlns="http://www.microsoft.com/GroupPolicy/GPOOperations/Manifest"><GPOGuid><![CDATA[{3141b3ed-ab10-4058-9fe4-a012ac389b2d}]]></GPOGuid><GPODomain><![CDATA[domain.local]]></GPODomain><GPODomainGuid><![CDATA[{04cef035-999e-42d2-a4b0-ec110bfb1fc2}]]></GPODomainGuid><GPODomainController><![CDATA[DC-1.domain.local]]></GPODomainController><BackupTime><![CDATA[2025-03-24T01:31:16]]></BackupTime><ID><![CDATA[{19F33EBC-3F89-41A7-BA0A-035FEF7D3DD0}]]></ID><Comment><![CDATA[]]></Comment><GPODisplayName><![CDATA[Explorer - Initial Theme]]></GPODisplayName></BackupInst>
