<BackupInst xmlns="http://www.microsoft.com/GroupPolicy/GPOOperations/Manifest"><GPOGuid><![CDATA[{f2ea0891-3730-4190-a979-a60203e8075a}]]></GPOGuid><GPODomain><![CDATA[domain.local]]></GPODomain><GPODomainGuid><![CDATA[{04cef035-999e-42d2-a4b0-ec110bfb1fc2}]]></GPODomainGuid><GPODomainController><![CDATA[DC-1.domain.local]]></GPODomainController><BackupTime><![CDATA[2025-03-23T23:18:01]]></BackupTime><ID><![CDATA[{1F945C56-0BC2-413B-9193-AF3A9050B9DE}]]></ID><Comment><![CDATA[]]></Comment><GPODisplayName><![CDATA[Group Policy - Refresh Interval]]></GPODisplayName></BackupInst>
