<BackupInst xmlns="http://www.microsoft.com/GroupPolicy/GPOOperations/Manifest"><GPOGuid><![CDATA[{dae7f2d0-423d-4d89-8da3-93d342dc5bb1}]]></GPOGuid><GPODomain><![CDATA[domain.local]]></GPODomain><GPODomainGuid><![CDATA[{04cef035-999e-42d2-a4b0-ec110bfb1fc2}]]></GPODomainGuid><GPODomainController><![CDATA[DC-1.domain.local]]></GPODomainController><BackupTime><![CDATA[2025-03-24T02:17:45]]></BackupTime><ID><![CDATA[{25F0FD67-E6DA-48DE-8063-2E943FFA8F9F}]]></ID><Comment><![CDATA[]]></Comment><GPODisplayName><![CDATA[Local Groups - Hyper-V]]></GPODisplayName></BackupInst>
