<BackupInst xmlns="http://www.microsoft.com/GroupPolicy/GPOOperations/Manifest"><GPOGuid><![CDATA[{8f5003cf-ecce-4579-9f73-a475ad7ded15}]]></GPOGuid><GPODomain><![CDATA[generic.local]]></GPODomain><GPODomainGuid><![CDATA[{04cef035-999e-42d2-a4b0-ec110bfb1fc2}]]></GPODomainGuid><GPODomainController><![CDATA[dc-1.generic.local]]></GPODomainController><BackupTime><![CDATA[2025-03-24T21:23:47]]></BackupTime><ID><![CDATA[{2CB93ECD-60B3-4A05-AF74-06B6EC7745A8}]]></ID><Comment><![CDATA[]]></Comment><GPODisplayName><![CDATA[DNS Client - Register PTR Records]]></GPODisplayName></BackupInst>
