<BackupInst xmlns="http://www.microsoft.com/GroupPolicy/GPOOperations/Manifest"><GPOGuid><![CDATA[{4954e42a-5fa7-4faa-981c-192eab844dd1}]]></GPOGuid><GPODomain><![CDATA[generic.local]]></GPODomain><GPODomainGuid><![CDATA[{04cef035-999e-42d2-a4b0-ec110bfb1fc2}]]></GPODomainGuid><GPODomainController><![CDATA[dc-1.generic.local]]></GPODomainController><BackupTime><![CDATA[2025-03-24T21:55:35]]></BackupTime><ID><![CDATA[{2E3AE1B5-924B-41B2-AEAD-026ADBE5D8E1}]]></ID><Comment><![CDATA[]]></Comment><GPODisplayName><![CDATA[Kerberos - Clients]]></GPODisplayName></BackupInst>
