<BackupInst xmlns="http://www.microsoft.com/GroupPolicy/GPOOperations/Manifest"><GPOGuid><![CDATA[{9d32d75b-bce8-4608-a0f2-9fb03bcda99b}]]></GPOGuid><GPODomain><![CDATA[generic.local]]></GPODomain><GPODomainGuid><![CDATA[{04cef035-999e-42d2-a4b0-ec110bfb1fc2}]]></GPODomainGuid><GPODomainController><![CDATA[dc-1.generic.local]]></GPODomainController><BackupTime><![CDATA[2025-03-24T21:55:44]]></BackupTime><ID><![CDATA[{2E43CF28-A4BE-4084-83B6-A18EC3597C6E}]]></ID><Comment><![CDATA[]]></Comment><GPODisplayName><![CDATA[DNS Server - Maximum UDP Packet Size]]></GPODisplayName></BackupInst>
