<BackupInst xmlns="http://www.microsoft.com/GroupPolicy/GPOOperations/Manifest"><GPOGuid><![CDATA[{31512959-cae6-4909-a326-9c3a4b105218}]]></GPOGuid><GPODomain><![CDATA[generic.local]]></GPODomain><GPODomainGuid><![CDATA[{04cef035-999e-42d2-a4b0-ec110bfb1fc2}]]></GPODomainGuid><GPODomainController><![CDATA[dc-1.generic.local]]></GPODomainController><BackupTime><![CDATA[2025-03-24T17:53:57]]></BackupTime><ID><![CDATA[{2FD3AC39-A78B-4992-A31F-FB3EE1095579}]]></ID><Comment><![CDATA[]]></Comment><GPODisplayName><![CDATA[Windows - Fix WinRM Envelope Size]]></GPODisplayName></BackupInst>
