<BackupInst xmlns="http://www.microsoft.com/GroupPolicy/GPOOperations/Manifest"><GPOGuid><![CDATA[{4a87dd45-0c7c-4d7b-9590-e940ac818bee}]]></GPOGuid><GPODomain><![CDATA[domain.local]]></GPODomain><GPODomainGuid><![CDATA[{04cef035-999e-42d2-a4b0-ec110bfb1fc2}]]></GPODomainGuid><GPODomainController><![CDATA[DC-1.domain.local]]></GPODomainController><BackupTime><![CDATA[2025-03-24T02:17:56]]></BackupTime><ID><![CDATA[{3101F972-1801-40D4-9848-2B9EB244B209}]]></ID><Comment><![CDATA[]]></Comment><GPODisplayName><![CDATA[Remote Desktop - Disable Network Detect]]></GPODisplayName></BackupInst>
