<BackupInst xmlns="http://www.microsoft.com/GroupPolicy/GPOOperations/Manifest"><GPOGuid><![CDATA[{0568902c-e284-48e7-81eb-035df6bf11d1}]]></GPOGuid><GPODomain><![CDATA[domain.local]]></GPODomain><GPODomainGuid><![CDATA[{04cef035-999e-42d2-a4b0-ec110bfb1fc2}]]></GPODomainGuid><GPODomainController><![CDATA[DC-1.domain.local]]></GPODomainController><BackupTime><![CDATA[2025-03-23T23:18:02]]></BackupTime><ID><![CDATA[{3503E4CC-5FC2-41E6-A421-7D0EAC86E3FC}]]></ID><Comment><![CDATA[]]></Comment><GPODisplayName><![CDATA[Edge - New Tab]]></GPODisplayName></BackupInst>
