<BackupInst xmlns="http://www.microsoft.com/GroupPolicy/GPOOperations/Manifest"><GPOGuid><![CDATA[{852b236e-3a7e-4d18-bed0-5db8afd62881}]]></GPOGuid><GPODomain><![CDATA[generic.local]]></GPODomain><GPODomainGuid><![CDATA[{04cef035-999e-42d2-a4b0-ec110bfb1fc2}]]></GPODomainGuid><GPODomainController><![CDATA[dc-1.generic.local]]></GPODomainController><BackupTime><![CDATA[2025-03-24T22:46:50]]></BackupTime><ID><![CDATA[{3678709A-6C8E-4FE9-934D-7F7634F36E0A}]]></ID><Comment><![CDATA[]]></Comment><GPODisplayName><![CDATA[Scripts - Update-Windows]]></GPODisplayName></BackupInst>
