<BackupInst xmlns="http://www.microsoft.com/GroupPolicy/GPOOperations/Manifest"><GPOGuid><![CDATA[{9fae9595-f20b-4973-8329-e50caaec4c5e}]]></GPOGuid><GPODomain><![CDATA[domain.local]]></GPODomain><GPODomainGuid><![CDATA[{04cef035-999e-42d2-a4b0-ec110bfb1fc2}]]></GPODomainGuid><GPODomainController><![CDATA[DC-1.domain.local]]></GPODomainController><BackupTime><![CDATA[2025-03-24T02:17:52]]></BackupTime><ID><![CDATA[{3881F8B4-B44A-48D6-9521-C398092C8035}]]></ID><Comment><![CDATA[]]></Comment><GPODisplayName><![CDATA[Domain Controllers - Allow Computer Account Re-use]]></GPODisplayName></BackupInst>
