<BackupInst xmlns="http://www.microsoft.com/GroupPolicy/GPOOperations/Manifest"><GPOGuid><![CDATA[{8228f004-663e-4b92-95b4-301a3f40f8e1}]]></GPOGuid><GPODomain><![CDATA[domain.local]]></GPODomain><GPODomainGuid><![CDATA[{04cef035-999e-42d2-a4b0-ec110bfb1fc2}]]></GPODomainGuid><GPODomainController><![CDATA[DC-1.domain.local]]></GPODomainController><BackupTime><![CDATA[2025-03-24T01:49:15]]></BackupTime><ID><![CDATA[{395A6B7F-FBB2-4AB3-B783-1F713686CB59}]]></ID><Comment><![CDATA[]]></Comment><GPODisplayName><![CDATA[Remote Desktop - Template - Computer]]></GPODisplayName></BackupInst>
