<BackupInst xmlns="http://www.microsoft.com/GroupPolicy/GPOOperations/Manifest"><GPOGuid><![CDATA[{e2b4d1bf-7900-4222-8651-4fcc67027cba}]]></GPOGuid><GPODomain><![CDATA[domain.local]]></GPODomain><GPODomainGuid><![CDATA[{04cef035-999e-42d2-a4b0-ec110bfb1fc2}]]></GPODomainGuid><GPODomainController><![CDATA[DC-1.domain.local]]></GPODomainController><BackupTime><![CDATA[2025-03-24T01:31:03]]></BackupTime><ID><![CDATA[{3C6B2B7A-2F30-4E24-A68A-4FBAF476F12C}]]></ID><Comment><![CDATA[]]></Comment><GPODisplayName><![CDATA[Network - Trusted Zones - GPMC]]></GPODisplayName></BackupInst>
