<BackupInst xmlns="http://www.microsoft.com/GroupPolicy/GPOOperations/Manifest"><GPOGuid><![CDATA[{0568902c-e284-48e7-81eb-035df6bf11d1}]]></GPOGuid><GPODomain><![CDATA[generic.local]]></GPODomain><GPODomainGuid><![CDATA[{04cef035-999e-42d2-a4b0-ec110bfb1fc2}]]></GPODomainGuid><GPODomainController><![CDATA[dc-1.generic.local]]></GPODomainController><BackupTime><![CDATA[2025-03-24T22:46:52]]></BackupTime><ID><![CDATA[{3D1E7DB6-7824-4057-A50E-4DF05713B00E}]]></ID><Comment><![CDATA[]]></Comment><GPODisplayName><![CDATA[Edge - New Tab]]></GPODisplayName></BackupInst>
