<BackupInst xmlns="http://www.microsoft.com/GroupPolicy/GPOOperations/Manifest"><GPOGuid><![CDATA[{08519ddd-8f63-47d3-93c2-dd82e6a26826}]]></GPOGuid><GPODomain><![CDATA[generic.local]]></GPODomain><GPODomainGuid><![CDATA[{04cef035-999e-42d2-a4b0-ec110bfb1fc2}]]></GPODomainGuid><GPODomainController><![CDATA[dc-1.generic.local]]></GPODomainController><BackupTime><![CDATA[2025-03-24T17:54:07]]></BackupTime><ID><![CDATA[{3F093976-AF67-493E-B901-EF6EB7E3A128}]]></ID><Comment><![CDATA[]]></Comment><GPODisplayName><![CDATA[Security - NTLM - Audit All]]></GPODisplayName></BackupInst>
