<BackupInst xmlns="http://www.microsoft.com/GroupPolicy/GPOOperations/Manifest"><GPOGuid><![CDATA[{83e75468-a354-4a8b-af5c-477888ffa47f}]]></GPOGuid><GPODomain><![CDATA[domain.local]]></GPODomain><GPODomainGuid><![CDATA[{04cef035-999e-42d2-a4b0-ec110bfb1fc2}]]></GPODomainGuid><GPODomainController><![CDATA[DC-1.domain.local]]></GPODomainController><BackupTime><![CDATA[2025-03-24T01:49:26]]></BackupTime><ID><![CDATA[{40C6314A-1E67-4613-B00F-53CDBFC7811A}]]></ID><Comment><![CDATA[]]></Comment><GPODisplayName><![CDATA[Group Policy - Wait for Network]]></GPODisplayName></BackupInst>
