<BackupInst xmlns="http://www.microsoft.com/GroupPolicy/GPOOperations/Manifest"><GPOGuid><![CDATA[{1b5b392b-6476-4b6b-9bfa-96133302d2d4}]]></GPOGuid><GPODomain><![CDATA[generic.local]]></GPODomain><GPODomainGuid><![CDATA[{04cef035-999e-42d2-a4b0-ec110bfb1fc2}]]></GPODomainGuid><GPODomainController><![CDATA[dc-1.generic.local]]></GPODomainController><BackupTime><![CDATA[2025-03-24T17:53:48]]></BackupTime><ID><![CDATA[{41D7174D-BE19-4CF6-804A-EC347A981370}]]></ID><Comment><![CDATA[]]></Comment><GPODisplayName><![CDATA[DNS Client - Set DNS Time-To-Live]]></GPODisplayName></BackupInst>
