<BackupInst xmlns="http://www.microsoft.com/GroupPolicy/GPOOperations/Manifest"><GPOGuid><![CDATA[{64bcb09e-2431-433a-b017-a428dd6e2132}]]></GPOGuid><GPODomain><![CDATA[generic.local]]></GPODomain><GPODomainGuid><![CDATA[{04cef035-999e-42d2-a4b0-ec110bfb1fc2}]]></GPODomainGuid><GPODomainController><![CDATA[dc-1.generic.local]]></GPODomainController><BackupTime><![CDATA[2025-03-24T22:46:59]]></BackupTime><ID><![CDATA[{42A2FF3B-1645-4A80-9BB9-26AF2B663241}]]></ID><Comment><![CDATA[]]></Comment><GPODisplayName><![CDATA[Desktop Background - Domain Controllers]]></GPODisplayName></BackupInst>
