<BackupInst xmlns="http://www.microsoft.com/GroupPolicy/GPOOperations/Manifest"><GPOGuid><![CDATA[{0568902c-e284-48e7-81eb-035df6bf11d1}]]></GPOGuid><GPODomain><![CDATA[domain.local]]></GPODomain><GPODomainGuid><![CDATA[{04cef035-999e-42d2-a4b0-ec110bfb1fc2}]]></GPODomainGuid><GPODomainController><![CDATA[DC-1.domain.local]]></GPODomainController><BackupTime><![CDATA[2025-03-24T01:31:09]]></BackupTime><ID><![CDATA[{42FA09B3-2601-4A60-B7FE-DC3FF65F4EB3}]]></ID><Comment><![CDATA[]]></Comment><GPODisplayName><![CDATA[Edge - New Tab]]></GPODisplayName></BackupInst>
