<?xml version="1.0" encoding="utf-8"?>
<RegistrySettings clsid="{A3CCFC41-DFDB-43a5-8D26-0FE8B954DA51}"><Registry clsid="{9CD4B2F4-923D-47f5-A062-E897DD1DAD50}" name="StartColor" status="StartColor" image="12" changed="2023-08-01 13:18:31" uid="{962C098D-2010-436F-A44C-201A5E1F7B18}" bypassErrors="1" disabled="0"><Properties action="U" displayDecimal="0" default="0" hive="HKEY_LOCAL_MACHINE" key="Software\Microsoft\Windows\CurrentVersion\SystemProtectedUserData\%LogonUserSid%\AnyoneRead\Colors" name="StartColor" type="REG_DWORD" value="FF4F4F4F"/></Registry>
	<Registry clsid="{9CD4B2F4-923D-47f5-A062-E897DD1DAD50}" name="AccentColor" status="AccentColor" image="12" changed="2023-08-01 13:18:36" uid="{5485C78E-7F2E-4A92-8B9A-439C4F3B2A08}" bypassErrors="1" disabled="0"><Properties action="U" displayDecimal="0" default="0" hive="HKEY_LOCAL_MACHINE" key="Software\Microsoft\Windows\CurrentVersion\SystemProtectedUserData\%LogonUserSid%\AnyoneRead\Colors" name="AccentColor" type="REG_DWORD" value="FF767676"/></Registry>
	<Registry clsid="{9CD4B2F4-923D-47f5-A062-E897DD1DAD50}" name="StartColorMenu" status="StartColorMenu" image="12" changed="2023-08-01 13:13:24" uid="{B486B763-1CDE-431E-846F-18E40581B82B}" userContext="1" bypassErrors="1" disabled="0"><Properties action="U" displayDecimal="0" default="0" hive="HKEY_CURRENT_USER" key="Software\Microsoft\Windows\CurrentVersion\Explorer\Accent" name="StartColorMenu" type="REG_DWORD" value="FF4F4F4F"/></Registry>
	<Registry clsid="{9CD4B2F4-923D-47f5-A062-E897DD1DAD50}" name="AccentColorMenu" status="AccentColorMenu" image="12" changed="2023-08-01 13:13:28" uid="{B0F76EAB-C7D9-4F4E-A359-726DBEBF13C4}" userContext="1" bypassErrors="1" disabled="0"><Properties action="U" displayDecimal="0" default="0" hive="HKEY_CURRENT_USER" key="Software\Microsoft\Windows\CurrentVersion\Explorer\Accent" name="AccentColorMenu" type="REG_DWORD" value="FF767676"/></Registry>
	<Registry clsid="{9CD4B2F4-923D-47f5-A062-E897DD1DAD50}" name="AccentPalette" status="AccentPalette" image="17" changed="2023-08-01 13:13:30" uid="{7EB00E26-E3AD-4696-9ED7-4C361FF7C994}" userContext="1" bypassErrors="1" disabled="0"><Properties action="U" displayDecimal="0" default="0" hive="HKEY_CURRENT_USER" key="Software\Microsoft\Windows\CurrentVersion\Explorer\Accent" name="AccentPalette" type="REG_BINARY" value="CCCCCC00AEAEAE0092929200767676004F4F4F0037373700262626001F1F1F00"/></Registry>
	<Registry clsid="{9CD4B2F4-923D-47f5-A062-E897DD1DAD50}" name="AppsUseLightTheme" status="AppsUseLightTheme" image="12" changed="2023-08-01 13:13:35" uid="{4FA964B8-C69A-4346-AAA2-EBE9DA878D43}" userContext="1" bypassErrors="1" disabled="0"><Properties action="U" displayDecimal="0" default="0" hive="HKEY_CURRENT_USER" key="Software\Microsoft\Windows\CurrentVersion\Themes\Personalize" name="AppsUseLightTheme" type="REG_DWORD" value="00000001"/></Registry>
	<Registry clsid="{9CD4B2F4-923D-47f5-A062-E897DD1DAD50}" name="EnableTransparency" status="EnableTransparency" image="12" changed="2023-08-01 13:13:37" uid="{C9EED31C-D0BD-4F37-946A-EEC5730B07A6}" userContext="1" bypassErrors="1" disabled="0"><Properties action="U" displayDecimal="0" default="0" hive="HKEY_CURRENT_USER" key="Software\Microsoft\Windows\CurrentVersion\Themes\Personalize" name="EnableTransparency" type="REG_DWORD" value="00000000"/></Registry>
	<Registry clsid="{9CD4B2F4-923D-47f5-A062-E897DD1DAD50}" name="SystemUsesLightTheme" status="SystemUsesLightTheme" image="12" changed="2023-08-01 13:13:41" uid="{2BEA597D-E137-40C3-B8C2-618FCB80E520}" userContext="1" bypassErrors="1" disabled="0"><Properties action="U" displayDecimal="0" default="0" hive="HKEY_CURRENT_USER" key="Software\Microsoft\Windows\CurrentVersion\Themes\Personalize" name="SystemUsesLightTheme" type="REG_DWORD" value="00000000"/></Registry>
	<Registry clsid="{9CD4B2F4-923D-47f5-A062-E897DD1DAD50}" name="AccentColor" status="AccentColor" image="12" changed="2023-08-02 17:28:11" uid="{4FD54FBC-1A3A-4F2F-9DDB-30DEF15E70C1}" disabled="0" userContext="1" bypassErrors="1"><Properties action="U" displayDecimal="0" default="0" hive="HKEY_CURRENT_USER" key="Software\Microsoft\Windows\DWM" name="AccentColor" type="REG_DWORD" value="FF767676"/><Filters><FilterRunOnce hidden="1" not="0" bool="AND" id="{397BB48B-8609-4C73-A99E-B35D9DEB860D}"/>
		</Filters></Registry>
	<Registry clsid="{9CD4B2F4-923D-47f5-A062-E897DD1DAD50}" name="AlwaysHibernateThumbnails" status="AlwaysHibernateThumbnails" image="12" changed="2023-08-01 13:14:03" uid="{3BD29DCE-65E5-4208-A470-6B92A99FD2DF}" disabled="0" userContext="1" bypassErrors="1"><Properties action="U" displayDecimal="0" default="0" hive="HKEY_CURRENT_USER" key="Software\Microsoft\Windows\DWM" name="AlwaysHibernateThumbnails" type="REG_DWORD" value="00000000"/><Filters><FilterRunOnce hidden="1" not="0" bool="AND" id="{EB93C9D1-1E42-4570-8337-D6054C1F6AA7}"/>
		</Filters></Registry>
	<Registry clsid="{9CD4B2F4-923D-47f5-A062-E897DD1DAD50}" name="ColorizationAfterglow" status="ColorizationAfterglow" image="12" changed="2023-08-02 17:28:46" uid="{48478076-1DC5-4555-81C0-B232C59C967B}" disabled="0" userContext="1" bypassErrors="1"><Properties action="U" displayDecimal="0" default="0" hive="HKEY_CURRENT_USER" key="Software\Microsoft\Windows\DWM" name="ColorizationAfterglow" type="REG_DWORD" value="C4767676"/><Filters><FilterRunOnce hidden="1" not="0" bool="AND" id="{1D0FEFA5-55B0-426C-9575-E9F071C060D3}"/>
		</Filters></Registry>
	<Registry clsid="{9CD4B2F4-923D-47f5-A062-E897DD1DAD50}" name="ColorizationColor" status="ColorizationColor" image="12" changed="2023-08-02 17:34:59" uid="{3F1AEE25-C34A-45C1-83D2-BC1521790189}" disabled="0" userContext="1" bypassErrors="1"><Properties action="U" displayDecimal="0" default="0" hive="HKEY_CURRENT_USER" key="Software\Microsoft\Windows\DWM" name="ColorizationColor" type="REG_DWORD" value="C4767676"/><Filters><FilterRunOnce hidden="1" not="0" bool="AND" id="{5B24A769-370B-4309-B3CC-512B69852476}"/>
		</Filters></Registry>
	<Registry clsid="{9CD4B2F4-923D-47f5-A062-E897DD1DAD50}" name="ColorPrevalence" status="ColorPrevalence" image="12" changed="2023-08-01 13:14:13" uid="{F8FD254E-3231-4F9B-BDBA-768E3AFE9C9E}" disabled="0" userContext="1" bypassErrors="1"><Properties action="U" displayDecimal="0" default="0" hive="HKEY_CURRENT_USER" key="Software\Microsoft\Windows\DWM" name="ColorPrevalence" type="REG_DWORD" value="00000002"/><Filters><FilterRunOnce hidden="1" not="0" bool="AND" id="{DD22323B-00A3-42F3-9736-638FAFD34AD2}"/>
		</Filters></Registry>
	<Registry clsid="{9CD4B2F4-923D-47f5-A062-E897DD1DAD50}" name="Background" status="Background" image="7" changed="2023-08-01 13:14:20" uid="{9EDAF528-9C11-4D5B-9A6F-D20EA1C8F2B3}" userContext="1" bypassErrors="1" disabled="0"><Properties action="U" displayDecimal="0" default="0" hive="HKEY_CURRENT_USER" key="Control Panel\Colors" name="Background" type="REG_SZ" value="76 74 72"/></Registry>
</RegistrySettings>
