<BackupInst xmlns="http://www.microsoft.com/GroupPolicy/GPOOperations/Manifest"><GPOGuid><![CDATA[{8f5003cf-ecce-4579-9f73-a475ad7ded15}]]></GPOGuid><GPODomain><![CDATA[domain.local]]></GPODomain><GPODomainGuid><![CDATA[{04cef035-999e-42d2-a4b0-ec110bfb1fc2}]]></GPODomainGuid><GPODomainController><![CDATA[DC-1.domain.local]]></GPODomainController><BackupTime><![CDATA[2025-03-24T01:49:20]]></BackupTime><ID><![CDATA[{477F6DCD-C6E7-4E5B-9D52-05B4122E8F97}]]></ID><Comment><![CDATA[]]></Comment><GPODisplayName><![CDATA[DNS Client - Register PTR Records]]></GPODisplayName></BackupInst>
