<BackupInst xmlns="http://www.microsoft.com/GroupPolicy/GPOOperations/Manifest"><GPOGuid><![CDATA[{46910fd2-75e5-43f9-9992-000da2fbd76e}]]></GPOGuid><GPODomain><![CDATA[domain.local]]></GPODomain><GPODomainGuid><![CDATA[{04cef035-999e-42d2-a4b0-ec110bfb1fc2}]]></GPODomainGuid><GPODomainController><![CDATA[DC-1.domain.local]]></GPODomainController><BackupTime><![CDATA[2025-03-23T23:17:46]]></BackupTime><ID><![CDATA[{4A31C341-B6A2-4965-8711-1B41F0077805}]]></ID><Comment><![CDATA[]]></Comment><GPODisplayName><![CDATA[Remote Desktop - Enabled with SSL]]></GPODisplayName></BackupInst>
