<?xml version="1.0" encoding="utf-8"?>
<RegistrySettings clsid="{A3CCFC41-DFDB-43a5-8D26-0FE8B954DA51}"><Registry clsid="{9CD4B2F4-923D-47f5-A062-E897DD1DAD50}" name="StartColorMenu" status="StartColorMenu" image="12" changed="2023-08-01 13:13:24" uid="{B486B763-1CDE-431E-846F-18E40581B82B}" userContext="1" bypassErrors="1"><Properties action="U" displayDecimal="0" default="0" hive="HKEY_CURRENT_USER" key="Software\Microsoft\Windows\CurrentVersion\Explorer\Accent" name="StartColorMenu" type="REG_DWORD" value="FF4F4F4F"/></Registry>
	<Registry clsid="{9CD4B2F4-923D-47f5-A062-E897DD1DAD50}" name="AccentColorMenu" status="AccentColorMenu" image="12" changed="2023-08-01 13:13:28" uid="{B0F76EAB-C7D9-4F4E-A359-726DBEBF13C4}" userContext="1" bypassErrors="1"><Properties action="U" displayDecimal="0" default="0" hive="HKEY_CURRENT_USER" key="Software\Microsoft\Windows\CurrentVersion\Explorer\Accent" name="AccentColorMenu" type="REG_DWORD" value="FF767676"/></Registry>
	<Registry clsid="{9CD4B2F4-923D-47f5-A062-E897DD1DAD50}" name="AccentPalette" status="AccentPalette" image="17" changed="2023-08-01 13:13:30" uid="{7EB00E26-E3AD-4696-9ED7-4C361FF7C994}" userContext="1" bypassErrors="1"><Properties action="U" displayDecimal="0" default="0" hive="HKEY_CURRENT_USER" key="Software\Microsoft\Windows\CurrentVersion\Explorer\Accent" name="AccentPalette" type="REG_BINARY" value="CCCCCC00AEAEAE0092929200767676004F4F4F0037373700262626001F1F1F00"/></Registry>
	<Registry clsid="{9CD4B2F4-923D-47f5-A062-E897DD1DAD50}" name="AppsUseLightTheme" status="AppsUseLightTheme" image="12" changed="2023-08-01 13:13:35" uid="{4FA964B8-C69A-4346-AAA2-EBE9DA878D43}" userContext="1" bypassErrors="1"><Properties action="U" displayDecimal="0" default="0" hive="HKEY_CURRENT_USER" key="Software\Microsoft\Windows\CurrentVersion\Themes\Personalize" name="AppsUseLightTheme" type="REG_DWORD" value="00000001"/></Registry>
	<Registry clsid="{9CD4B2F4-923D-47f5-A062-E897DD1DAD50}" name="EnableTransparency" status="EnableTransparency" image="12" changed="2023-08-01 13:13:37" uid="{C9EED31C-D0BD-4F37-946A-EEC5730B07A6}" userContext="1" bypassErrors="1"><Properties action="U" displayDecimal="0" default="0" hive="HKEY_CURRENT_USER" key="Software\Microsoft\Windows\CurrentVersion\Themes\Personalize" name="EnableTransparency" type="REG_DWORD" value="00000000"/></Registry>
	<Registry clsid="{9CD4B2F4-923D-47f5-A062-E897DD1DAD50}" name="SystemUsesLightTheme" status="SystemUsesLightTheme" image="12" changed="2023-08-01 13:13:41" uid="{2BEA597D-E137-40C3-B8C2-618FCB80E520}" userContext="1" bypassErrors="1"><Properties action="U" displayDecimal="0" default="0" hive="HKEY_CURRENT_USER" key="Software\Microsoft\Windows\CurrentVersion\Themes\Personalize" name="SystemUsesLightTheme" type="REG_DWORD" value="00000000"/></Registry>
	<Registry clsid="{9CD4B2F4-923D-47f5-A062-E897DD1DAD50}" name="AlwaysHibernateThumbnails" status="AlwaysHibernateThumbnails" image="12" changed="2023-08-01 13:14:03" uid="{3BD29DCE-65E5-4208-A470-6B92A99FD2DF}" disabled="0" userContext="1" bypassErrors="1"><Properties action="U" displayDecimal="0" default="0" hive="HKEY_CURRENT_USER" key="Software\Microsoft\Windows\DWM" name="AlwaysHibernateThumbnails" type="REG_DWORD" value="00000000"/><Filters><FilterRunOnce hidden="1" not="0" bool="AND" id="{59DE190A-E275-40EF-B2DE-311671346552}"/>
		</Filters></Registry>
	<Registry clsid="{9CD4B2F4-923D-47f5-A062-E897DD1DAD50}" name="ColorPrevalence" status="ColorPrevalence" image="12" changed="2023-08-01 16:52:59" uid="{F0876269-78AD-4BB3-B9BF-1DABA10D7B61}" disabled="0" bypassErrors="1"><Properties action="U" displayDecimal="0" default="0" hive="HKEY_CURRENT_USER" key="Software\Microsoft\Windows\DWM" name="ColorPrevalence" type="REG_DWORD" value="00000002"/><Filters><FilterRunOnce hidden="1" not="0" bool="AND" id="{41C7C746-37E9-4275-9B2E-276018C1B9FA}"/>
		</Filters></Registry>
	<Registry clsid="{9CD4B2F4-923D-47f5-A062-E897DD1DAD50}" name="Background" status="Background" image="7" changed="2023-08-01 13:14:20" uid="{9EDAF528-9C11-4D5B-9A6F-D20EA1C8F2B3}" userContext="1" bypassErrors="1"><Properties action="U" displayDecimal="0" default="0" hive="HKEY_CURRENT_USER" key="Control Panel\Colors" name="Background" type="REG_SZ" value="76 74 72"/></Registry>
</RegistrySettings>
