<BackupInst xmlns="http://www.microsoft.com/GroupPolicy/GPOOperations/Manifest"><GPOGuid><![CDATA[{8ca94999-49c3-4e82-ad6c-9aacb1fe38ec}]]></GPOGuid><GPODomain><![CDATA[generic.local]]></GPODomain><GPODomainGuid><![CDATA[{04cef035-999e-42d2-a4b0-ec110bfb1fc2}]]></GPODomainGuid><GPODomainController><![CDATA[dc-1.generic.local]]></GPODomainController><BackupTime><![CDATA[2025-03-24T21:23:42]]></BackupTime><ID><![CDATA[{4AE5D73F-8CF6-4E46-ABA1-4B3A805F7185}]]></ID><Comment><![CDATA[]]></Comment><GPODisplayName><![CDATA[Explorer - Folder Options]]></GPODisplayName></BackupInst>
