<BackupInst xmlns="http://www.microsoft.com/GroupPolicy/GPOOperations/Manifest"><GPOGuid><![CDATA[{7598bcfb-4efc-4aa2-a5ef-d078ff09fe57}]]></GPOGuid><GPODomain><![CDATA[generic.local]]></GPODomain><GPODomainGuid><![CDATA[{04cef035-999e-42d2-a4b0-ec110bfb1fc2}]]></GPODomainGuid><GPODomainController><![CDATA[dc-1.generic.local]]></GPODomainController><BackupTime><![CDATA[2025-03-24T21:23:51]]></BackupTime><ID><![CDATA[{500E8ADD-7984-45DD-B75E-6ECAC14C082B}]]></ID><Comment><![CDATA[]]></Comment><GPODisplayName><![CDATA[Kerberos - Encryption Types]]></GPODisplayName></BackupInst>
