<BackupInst xmlns="http://www.microsoft.com/GroupPolicy/GPOOperations/Manifest"><GPOGuid><![CDATA[{8b540bd7-7b5e-4a10-b2e4-041551161873}]]></GPOGuid><GPODomain><![CDATA[domain.local]]></GPODomain><GPODomainGuid><![CDATA[{04cef035-999e-42d2-a4b0-ec110bfb1fc2}]]></GPODomainGuid><GPODomainController><![CDATA[DC-1.domain.local]]></GPODomainController><BackupTime><![CDATA[2025-03-24T02:17:46]]></BackupTime><ID><![CDATA[{507FC225-0379-494C-A26B-D77A3C31048A}]]></ID><Comment><![CDATA[]]></Comment><GPODisplayName><![CDATA[Security - TLS Software - Clients]]></GPODisplayName></BackupInst>
