<BackupInst xmlns="http://www.microsoft.com/GroupPolicy/GPOOperations/Manifest"><GPOGuid><![CDATA[{cfd8f2e6-d1f0-41d8-9589-6771ca19338d}]]></GPOGuid><GPODomain><![CDATA[domain.local]]></GPODomain><GPODomainGuid><![CDATA[{04cef035-999e-42d2-a4b0-ec110bfb1fc2}]]></GPODomainGuid><GPODomainController><![CDATA[DC-1.domain.local]]></GPODomainController><BackupTime><![CDATA[2025-03-23T16:27:56]]></BackupTime><ID><![CDATA[{50DD1E4F-6AFA-4BC7-BACD-81B537CD6EBF}]]></ID><Comment><![CDATA[]]></Comment><GPODisplayName><![CDATA[Firewall Rules - DFS Management]]></GPODisplayName></BackupInst>
