<BackupInst xmlns="http://www.microsoft.com/GroupPolicy/GPOOperations/Manifest"><GPOGuid><![CDATA[{bc234cfd-dad2-40c6-8975-969c58c89ae9}]]></GPOGuid><GPODomain><![CDATA[generic.local]]></GPODomain><GPODomainGuid><![CDATA[{04cef035-999e-42d2-a4b0-ec110bfb1fc2}]]></GPODomainGuid><GPODomainController><![CDATA[dc-1.generic.local]]></GPODomainController><BackupTime><![CDATA[2025-03-24T21:23:59]]></BackupTime><ID><![CDATA[{515A5569-A82E-44CC-AD35-A62EBDA8090B}]]></ID><Comment><![CDATA[]]></Comment><GPODisplayName><![CDATA[Firewall Rules - Domain Controller]]></GPODisplayName></BackupInst>
