<BackupInst xmlns="http://www.microsoft.com/GroupPolicy/GPOOperations/Manifest"><GPOGuid><![CDATA[{867ea7fb-9997-448d-87c1-f7478bbdc29c}]]></GPOGuid><GPODomain><![CDATA[domain.local]]></GPODomain><GPODomainGuid><![CDATA[{04cef035-999e-42d2-a4b0-ec110bfb1fc2}]]></GPODomainGuid><GPODomainController><![CDATA[DC-1.domain.local]]></GPODomainController><BackupTime><![CDATA[2025-03-23T16:27:57]]></BackupTime><ID><![CDATA[{54460303-CAF0-40C4-A2DF-BCCDEB5F3286}]]></ID><Comment><![CDATA[]]></Comment><GPODisplayName><![CDATA[Explorer - Taskbar]]></GPODisplayName></BackupInst>
