<BackupInst xmlns="http://www.microsoft.com/GroupPolicy/GPOOperations/Manifest"><GPOGuid><![CDATA[{8f5003cf-ecce-4579-9f73-a475ad7ded15}]]></GPOGuid><GPODomain><![CDATA[domain.local]]></GPODomain><GPODomainGuid><![CDATA[{04cef035-999e-42d2-a4b0-ec110bfb1fc2}]]></GPODomainGuid><GPODomainController><![CDATA[DC-1.domain.local]]></GPODomainController><BackupTime><![CDATA[2025-03-24T01:31:00]]></BackupTime><ID><![CDATA[{54B8531B-4B5D-4EF8-B154-093A3E143192}]]></ID><Comment><![CDATA[]]></Comment><GPODisplayName><![CDATA[DNS Client - Register PTR Records]]></GPODisplayName></BackupInst>
