<BackupInst xmlns="http://www.microsoft.com/GroupPolicy/GPOOperations/Manifest"><GPOGuid><![CDATA[{4097d170-db64-41e7-bb1b-d4e6e72b8bcc}]]></GPOGuid><GPODomain><![CDATA[domain.local]]></GPODomain><GPODomainGuid><![CDATA[{04cef035-999e-42d2-a4b0-ec110bfb1fc2}]]></GPODomainGuid><GPODomainController><![CDATA[DC-1.domain.local]]></GPODomainController><BackupTime><![CDATA[2025-03-24T01:31:02]]></BackupTime><ID><![CDATA[{57EDBF64-F0DB-4B74-B407-9AC44F6F124D}]]></ID><Comment><![CDATA[]]></Comment><GPODisplayName><![CDATA[Login - Enable Windows Hello]]></GPODisplayName></BackupInst>
