<BackupInst xmlns="http://www.microsoft.com/GroupPolicy/GPOOperations/Manifest"><GPOGuid><![CDATA[{ecbedfb3-dee0-4dc0-934a-4f67c93d10ad}]]></GPOGuid><GPODomain><![CDATA[domain.local]]></GPODomain><GPODomainGuid><![CDATA[{04cef035-999e-42d2-a4b0-ec110bfb1fc2}]]></GPODomainGuid><GPODomainController><![CDATA[DC-1.domain.local]]></GPODomainController><BackupTime><![CDATA[2025-03-24T01:49:26]]></BackupTime><ID><![CDATA[{5A4030FD-B13C-4887-900C-A72C4DD76D7E}]]></ID><Comment><![CDATA[]]></Comment><GPODisplayName><![CDATA[Network - Trusted Zones - Disabled]]></GPODisplayName></BackupInst>
