<BackupInst xmlns="http://www.microsoft.com/GroupPolicy/GPOOperations/Manifest"><GPOGuid><![CDATA[{4f747de5-7aba-401a-92e0-ab531c962a66}]]></GPOGuid><GPODomain><![CDATA[generic.local]]></GPODomain><GPODomainGuid><![CDATA[{04cef035-999e-42d2-a4b0-ec110bfb1fc2}]]></GPODomainGuid><GPODomainController><![CDATA[dc-1.generic.local]]></GPODomainController><BackupTime><![CDATA[2025-03-24T21:55:42]]></BackupTime><ID><![CDATA[{5ACB94B8-6DA6-4745-ABA8-608B21962A29}]]></ID><Comment><![CDATA[]]></Comment><GPODisplayName><![CDATA[Login - Disable Hybrid Join]]></GPODisplayName></BackupInst>
