<BackupInst xmlns="http://www.microsoft.com/GroupPolicy/GPOOperations/Manifest"><GPOGuid><![CDATA[{8ca94999-49c3-4e82-ad6c-9aacb1fe38ec}]]></GPOGuid><GPODomain><![CDATA[domain.local]]></GPODomain><GPODomainGuid><![CDATA[{04cef035-999e-42d2-a4b0-ec110bfb1fc2}]]></GPODomainGuid><GPODomainController><![CDATA[DC-1.domain.local]]></GPODomainController><BackupTime><![CDATA[2025-03-23T16:27:33]]></BackupTime><ID><![CDATA[{5C539BAA-19F2-4F77-8B00-4596C4FD2BE3}]]></ID><Comment><![CDATA[]]></Comment><GPODisplayName><![CDATA[Explorer - Folder Options]]></GPODisplayName></BackupInst>
