<BackupInst xmlns="http://www.microsoft.com/GroupPolicy/GPOOperations/Manifest"><GPOGuid><![CDATA[{601281f6-3c45-4129-a892-ba28255fd18d}]]></GPOGuid><GPODomain><![CDATA[generic.local]]></GPODomain><GPODomainGuid><![CDATA[{04cef035-999e-42d2-a4b0-ec110bfb1fc2}]]></GPODomainGuid><GPODomainController><![CDATA[dc-1.generic.local]]></GPODomainController><BackupTime><![CDATA[2025-03-24T21:55:38]]></BackupTime><ID><![CDATA[{5F5732FE-8BEB-4E9B-92D8-449742DEA6D3}]]></ID><Comment><![CDATA[]]></Comment><GPODisplayName><![CDATA[OneDrive - Disable Memories]]></GPODisplayName></BackupInst>
