<BackupInst xmlns="http://www.microsoft.com/GroupPolicy/GPOOperations/Manifest"><GPOGuid><![CDATA[{61f80365-5dbf-474f-81dc-ecb72e018c7f}]]></GPOGuid><GPODomain><![CDATA[generic.local]]></GPODomain><GPODomainGuid><![CDATA[{04cef035-999e-42d2-a4b0-ec110bfb1fc2}]]></GPODomainGuid><GPODomainController><![CDATA[dc-1.generic.local]]></GPODomainController><BackupTime><![CDATA[2025-03-24T21:23:57]]></BackupTime><ID><![CDATA[{5FEAF860-8439-4574-AAE1-75630F287659}]]></ID><Comment><![CDATA[]]></Comment><GPODisplayName><![CDATA[Explorer - Remove Shutdown]]></GPODisplayName></BackupInst>
