<BackupInst xmlns="http://www.microsoft.com/GroupPolicy/GPOOperations/Manifest"><GPOGuid><![CDATA[{d91c7e8b-19f0-4d36-8ac5-78372c700ad4}]]></GPOGuid><GPODomain><![CDATA[domain.local]]></GPODomain><GPODomainGuid><![CDATA[{04cef035-999e-42d2-a4b0-ec110bfb1fc2}]]></GPODomainGuid><GPODomainController><![CDATA[DC-1.domain.local]]></GPODomainController><BackupTime><![CDATA[2025-03-23T16:27:38]]></BackupTime><ID><![CDATA[{6211A6EA-F991-4DCC-A82B-9F45F2872185}]]></ID><Comment><![CDATA[]]></Comment><GPODisplayName><![CDATA[Desktop Background - Workstations]]></GPODisplayName></BackupInst>
