<BackupInst xmlns="http://www.microsoft.com/GroupPolicy/GPOOperations/Manifest"><GPOGuid><![CDATA[{867ea7fb-9997-448d-87c1-f7478bbdc29c}]]></GPOGuid><GPODomain><![CDATA[generic.local]]></GPODomain><GPODomainGuid><![CDATA[{04cef035-999e-42d2-a4b0-ec110bfb1fc2}]]></GPODomainGuid><GPODomainController><![CDATA[dc-1.generic.local]]></GPODomainController><BackupTime><![CDATA[2025-03-24T21:55:44]]></BackupTime><ID><![CDATA[{685FE9C0-1FE3-4394-96F8-C2BB7A9A4177}]]></ID><Comment><![CDATA[]]></Comment><GPODisplayName><![CDATA[Explorer - Taskbar]]></GPODisplayName></BackupInst>
