<BackupInst xmlns="http://www.microsoft.com/GroupPolicy/GPOOperations/Manifest"><GPOGuid><![CDATA[{7b94b205-ace4-4321-af92-bb60736fbe6f}]]></GPOGuid><GPODomain><![CDATA[domain.local]]></GPODomain><GPODomainGuid><![CDATA[{04cef035-999e-42d2-a4b0-ec110bfb1fc2}]]></GPODomainGuid><GPODomainController><![CDATA[DC-1.domain.local]]></GPODomainController><BackupTime><![CDATA[2025-03-23T16:27:54]]></BackupTime><ID><![CDATA[{68681BB5-8F62-4651-AE1A-6DD189142520}]]></ID><Comment><![CDATA[]]></Comment><GPODisplayName><![CDATA[MSFT Windows Server 2022 - Domain Controller Virtualization Based Security]]></GPODisplayName></BackupInst>
