<BackupInst xmlns="http://www.microsoft.com/GroupPolicy/GPOOperations/Manifest"><GPOGuid><![CDATA[{3cc609c9-94f2-4fcc-9a57-5bb67b4f8e79}]]></GPOGuid><GPODomain><![CDATA[generic.local]]></GPODomain><GPODomainGuid><![CDATA[{04cef035-999e-42d2-a4b0-ec110bfb1fc2}]]></GPODomainGuid><GPODomainController><![CDATA[dc-1.generic.local]]></GPODomainController><BackupTime><![CDATA[2025-03-24T21:24:01]]></BackupTime><ID><![CDATA[{6AAB13E4-D73E-43EE-AB45-4FA9E4BE6B73}]]></ID><Comment><![CDATA[]]></Comment><GPODisplayName><![CDATA[Firewall - Disable Local Rules]]></GPODisplayName></BackupInst>
