<?xml version="1.0" encoding="utf-8"?>
<RegistrySettings clsid="{A3CCFC41-DFDB-43a5-8D26-0FE8B954DA51}"><Registry clsid="{9CD4B2F4-923D-47f5-A062-E897DD1DAD50}" name="https" status="https" image="12" changed="2021-09-23 15:35:22" uid="{61A03B2A-2771-44B0-B71B-7DF8FF6C66D1}"><Properties action="U" displayDecimal="0" default="0" hive="HKEY_LOCAL_MACHINE" key="SOFTWARE\Policies\Microsoft\Windows\CurrentVersion\Internet Settings\ZoneMap\EscDomains\live.com\login" name="https" type="REG_DWORD" value="00000002"/></Registry>
	<Registry clsid="{9CD4B2F4-923D-47f5-A062-E897DD1DAD50}" name="https" status="https" image="12" changed="2020-09-01 04:10:50" uid="{5E7EE1CF-9AF6-4080-83BF-F3DEDAC07BE7}" disabled="0"><Properties action="U" displayDecimal="0" default="0" hive="HKEY_LOCAL_MACHINE" key="SOFTWARE\Policies\Microsoft\Windows\CurrentVersion\Internet Settings\ZoneMap\EscDomains\windows.net\login" name="https" type="REG_DWORD" value="00000002"/></Registry>
	<Registry clsid="{9CD4B2F4-923D-47f5-A062-E897DD1DAD50}" name="https" status="https" image="12" changed="2020-09-01 04:10:14" uid="{940CE585-659C-4DDA-BC6B-BFE8DEF3B528}"><Properties action="U" displayDecimal="0" default="0" hive="HKEY_LOCAL_MACHINE" key="SOFTWARE\Policies\Microsoft\Windows\CurrentVersion\Internet Settings\ZoneMap\EscDomains\microsoftonline.com\login" name="https" type="REG_DWORD" value="00000002"/></Registry>
	<Registry clsid="{9CD4B2F4-923D-47f5-A062-E897DD1DAD50}" name="https" status="https" image="12" changed="2020-09-01 05:50:10" uid="{7EDCCF0B-794C-474D-AD69-BE9E28587FEB}"><Properties action="U" displayDecimal="0" default="0" hive="HKEY_LOCAL_MACHINE" key="SOFTWARE\Policies\Microsoft\Windows\CurrentVersion\Internet Settings\ZoneMap\EscDomains\microsoftonline-p.com\secure.aadcdn" name="https" type="REG_DWORD" value="00000002"/></Registry>
	<Registry clsid="{9CD4B2F4-923D-47f5-A062-E897DD1DAD50}" name="https" status="https" image="12" changed="2021-06-11 20:13:26" uid="{D3069C38-FA53-47DA-B0F4-A8885835AB09}"><Properties action="U" displayDecimal="0" default="0" hive="HKEY_LOCAL_MACHINE" key="SOFTWARE\Policies\Microsoft\Windows\CurrentVersion\Internet Settings\ZoneMap\EscDomains\msauth.net\aadcdn" name="https" type="REG_DWORD" value="00000002"/></Registry>
	<Registry clsid="{9CD4B2F4-923D-47f5-A062-E897DD1DAD50}" name="https" status="https" image="12" changed="2021-09-23 15:57:11" uid="{737114E3-504B-4F24-B115-A6F6DC907DC0}"><Properties action="U" displayDecimal="0" default="0" hive="HKEY_LOCAL_MACHINE" key="SOFTWARE\Policies\Microsoft\Windows\CurrentVersion\Internet Settings\ZoneMap\EscDomains\msauth.net\logincdn" name="https" type="REG_DWORD" value="00000002"/></Registry>
	<Registry clsid="{9CD4B2F4-923D-47f5-A062-E897DD1DAD50}" name="https" status="https" image="12" changed="2020-09-01 04:11:16" uid="{657E636D-6C96-4DCA-9544-406307208F26}"><Properties action="U" displayDecimal="0" default="0" hive="HKEY_LOCAL_MACHINE" key="SOFTWARE\Policies\Microsoft\Windows\CurrentVersion\Internet Settings\ZoneMap\EscDomains\msftauth.net\aadcdn" name="https" type="REG_DWORD" value="00000002"/></Registry>
	<Registry clsid="{9CD4B2F4-923D-47f5-A062-E897DD1DAD50}" name="https" status="https" image="12" changed="2020-09-01 07:05:23" uid="{AFF1FB8E-E4FE-44AF-9F34-D196D4C89594}" disabled="0"><Properties action="U" displayDecimal="0" default="0" hive="HKEY_LOCAL_MACHINE" key="SOFTWARE\Policies\Microsoft\Windows\CurrentVersion\Internet Settings\ZoneMap\EscDomains\duosecurity.com\api-ee0b7ac0" name="https" type="REG_DWORD" value="00000002"/></Registry>
	<Registry clsid="{9CD4B2F4-923D-47f5-A062-E897DD1DAD50}" name="https" status="https" image="12" changed="2021-09-23 15:51:55" uid="{CD0E8FF6-7A99-4098-A1B4-3F4E7A2DBD26}"><Properties action="U" displayDecimal="0" default="0" hive="HKEY_LOCAL_MACHINE" key="SOFTWARE\Policies\Microsoft\Windows\CurrentVersion\Internet Settings\ZoneMap\EscDomains\duosecurity.com\api-55489b8f" name="https" type="REG_DWORD" value="00000002"/></Registry>
	<Registry clsid="{9CD4B2F4-923D-47f5-A062-E897DD1DAD50}" name="https" status="https" image="12" changed="2021-04-29 00:07:54" uid="{FF97D650-9214-41D6-A3EC-F181579BADA5}"><Properties action="U" displayDecimal="0" default="0" hive="HKEY_LOCAL_MACHINE" key="SOFTWARE\Policies\Microsoft\Windows\CurrentVersion\Internet Settings\ZoneMap\EscDomains\utexas.edu\login.austin" name="https" type="REG_DWORD" value="00000002"/></Registry>
	<Registry clsid="{9CD4B2F4-923D-47f5-A062-E897DD1DAD50}" name="https" status="https" image="12" changed="2021-04-29 00:08:16" uid="{DD98651E-5809-42AE-A2D8-495C79491572}"><Properties action="U" displayDecimal="0" default="0" hive="HKEY_LOCAL_MACHINE" key="SOFTWARE\Policies\Microsoft\Windows\CurrentVersion\Internet Settings\ZoneMap\EscDomains\utexas.edu\login.adqual" name="https" type="REG_DWORD" value="00000002"/></Registry>
	<Registry clsid="{9CD4B2F4-923D-47f5-A062-E897DD1DAD50}" name="https" status="https" image="12" changed="2021-04-29 00:08:25" uid="{B3783626-5E99-4452-846F-2D2E79F56D1E}"><Properties action="U" displayDecimal="0" default="0" hive="HKEY_LOCAL_MACHINE" key="SOFTWARE\Policies\Microsoft\Windows\CurrentVersion\Internet Settings\ZoneMap\EscDomains\utexas.edu\login.adtest" name="https" type="REG_DWORD" value="00000002"/></Registry>
	<Registry clsid="{9CD4B2F4-923D-47f5-A062-E897DD1DAD50}" name="https" status="https" image="12" changed="2021-04-29 00:08:36" uid="{01B990CF-4169-418A-97BF-F251D01BC675}"><Properties action="U" displayDecimal="0" default="0" hive="HKEY_LOCAL_MACHINE" key="SOFTWARE\Policies\Microsoft\Windows\CurrentVersion\Internet Settings\ZoneMap\EscDomains\utexas.edu\login.cds" name="https" type="REG_DWORD" value="00000002"/></Registry>
	<Registry clsid="{9CD4B2F4-923D-47f5-A062-E897DD1DAD50}" name="https" status="https" image="12" changed="2023-08-17 05:21:30" uid="{AB0ED217-7240-400E-94AE-EA41A289B38D}"><Properties action="U" displayDecimal="0" default="0" hive="HKEY_LOCAL_MACHINE" key="SOFTWARE\Policies\Microsoft\Windows\CurrentVersion\Internet Settings\ZoneMap\EscDomains\generic.local\login" name="https" type="REG_DWORD" value="00000002"/></Registry>
</RegistrySettings>
