<BackupInst xmlns="http://www.microsoft.com/GroupPolicy/GPOOperations/Manifest"><GPOGuid><![CDATA[{d42f195e-a1f1-470d-bf82-aa6c4ef17eac}]]></GPOGuid><GPODomain><![CDATA[domain.local]]></GPODomain><GPODomainGuid><![CDATA[{04cef035-999e-42d2-a4b0-ec110bfb1fc2}]]></GPODomainGuid><GPODomainController><![CDATA[DC-1.domain.local]]></GPODomainController><BackupTime><![CDATA[2025-03-24T01:31:15]]></BackupTime><ID><![CDATA[{7AF64A15-2C11-424E-80A0-36229786B1B5}]]></ID><Comment><![CDATA[]]></Comment><GPODisplayName><![CDATA[DNS Server - Disable Automatic NS Record Creation]]></GPODisplayName></BackupInst>
