<BackupInst xmlns="http://www.microsoft.com/GroupPolicy/GPOOperations/Manifest"><GPOGuid><![CDATA[{4097d170-db64-41e7-bb1b-d4e6e72b8bcc}]]></GPOGuid><GPODomain><![CDATA[generic.local]]></GPODomain><GPODomainGuid><![CDATA[{04cef035-999e-42d2-a4b0-ec110bfb1fc2}]]></GPODomainGuid><GPODomainController><![CDATA[dc-1.generic.local]]></GPODomainController><BackupTime><![CDATA[2025-03-24T21:55:31]]></BackupTime><ID><![CDATA[{7B4EB738-9818-4B41-9DDB-2729DDB7F5A9}]]></ID><Comment><![CDATA[]]></Comment><GPODisplayName><![CDATA[Login - Enable Windows Hello]]></GPODisplayName></BackupInst>
