<BackupInst xmlns="http://www.microsoft.com/GroupPolicy/GPOOperations/Manifest"><GPOGuid><![CDATA[{dbf176ee-d6d4-4c1e-9557-ed7613fc020a}]]></GPOGuid><GPODomain><![CDATA[domain.local]]></GPODomain><GPODomainGuid><![CDATA[{04cef035-999e-42d2-a4b0-ec110bfb1fc2}]]></GPODomainGuid><GPODomainController><![CDATA[DC-1.domain.local]]></GPODomainController><BackupTime><![CDATA[2025-03-24T01:31:11]]></BackupTime><ID><![CDATA[{7B6BE2D4-5BEB-47BF-AED5-552F2728E032}]]></ID><Comment><![CDATA[]]></Comment><GPODisplayName><![CDATA[Explorer - Themes and Colors - Default]]></GPODisplayName></BackupInst>
