<?xml version="1.0" encoding="utf-8"?>
<RegistrySettings clsid="{A3CCFC41-DFDB-43a5-8D26-0FE8B954DA51}"><Collection clsid="{53B533F5-224C-47e3-B01B-CA3B3F3FF4BF}" name="32-bit"><Registry clsid="{9CD4B2F4-923D-47f5-A062-E897DD1DAD50}" name="SchUseStrongCrypto" status="SchUseStrongCrypto" image="12" changed="2020-08-26 04:59:31" uid="{7683457F-4F6D-4B31-AB49-0061BB840C0E}"><Properties action="U" displayDecimal="0" default="0" hive="HKEY_LOCAL_MACHINE" key="SOFTWARE\Wow6432Node\Microsoft\.NETFramework\v2.0.50727" name="SchUseStrongCrypto" type="REG_DWORD" value="00000001"/></Registry>
		<Registry clsid="{9CD4B2F4-923D-47f5-A062-E897DD1DAD50}" name="SystemDefaultTlsVersions" status="SystemDefaultTlsVersions" image="12" changed="2020-08-26 04:55:07" uid="{1E5E3B98-0E4B-4434-AA92-D9564B866189}"><Properties action="U" displayDecimal="0" default="0" hive="HKEY_LOCAL_MACHINE" key="SOFTWARE\Wow6432Node\Microsoft\.NETFramework\v2.0.50727" name="SystemDefaultTlsVersions" type="REG_DWORD" value="00000001"/></Registry>
		<Registry clsid="{9CD4B2F4-923D-47f5-A062-E897DD1DAD50}" name="SchUseStrongCrypto" status="SchUseStrongCrypto" image="12" changed="2020-08-25 18:50:30" uid="{962DC0F4-C9E9-41ED-B1D3-181345F41C1C}"><Properties action="U" displayDecimal="0" default="0" hive="HKEY_LOCAL_MACHINE" key="SOFTWARE\Wow6432Node\Microsoft\.NETFramework\v4.0.30319" name="SchUseStrongCrypto" type="REG_DWORD" value="00000001"/></Registry>
		<Registry clsid="{9CD4B2F4-923D-47f5-A062-E897DD1DAD50}" name="SystemDefaultTlsVersions" status="SystemDefaultTlsVersions" image="12" changed="2020-08-25 18:50:37" uid="{A0D8EBF8-B9F7-480E-9F6A-AFEA4E85F040}"><Properties action="U" displayDecimal="0" default="0" hive="HKEY_LOCAL_MACHINE" key="SOFTWARE\Wow6432Node\Microsoft\.NETFramework\v4.0.30319" name="SystemDefaultTlsVersions" type="REG_DWORD" value="00000001"/></Registry>
		<Registry clsid="{9CD4B2F4-923D-47f5-A062-E897DD1DAD50}" name="DefaultSecureProtocols" status="DefaultSecureProtocols" image="12" changed="2021-10-13 08:01:45" uid="{2373CE27-8195-41DC-BC8F-CAC6141E5EA6}" disabled="0"><Properties action="U" displayDecimal="0" default="0" hive="HKEY_LOCAL_MACHINE" key="SOFTWARE\Wow6432Node\Microsoft\Windows\CurrentVersion\Internet Settings\WinHttp" name="DefaultSecureProtocols" type="REG_DWORD" value="00002800"/></Registry>
	</Collection>
	<Collection clsid="{53B533F5-224C-47e3-B01B-CA3B3F3FF4BF}" name="64-bit"><Registry clsid="{9CD4B2F4-923D-47f5-A062-E897DD1DAD50}" name="SchUseStrongCrypto" status="SchUseStrongCrypto" image="12" changed="2020-08-26 05:00:17" uid="{432E177E-E1E8-4C5D-AFE8-424A254ACE72}"><Properties action="U" displayDecimal="0" default="0" hive="HKEY_LOCAL_MACHINE" key="SOFTWARE\Microsoft\.NETFramework\v2.0.50727" name="SchUseStrongCrypto" type="REG_DWORD" value="00000001"/></Registry>
		<Registry clsid="{9CD4B2F4-923D-47f5-A062-E897DD1DAD50}" name="SystemDefaultTlsVersions" status="SystemDefaultTlsVersions" image="12" changed="2020-08-26 05:00:23" uid="{2F516C4F-4E7C-4589-A081-37D133179378}"><Properties action="U" displayDecimal="0" default="0" hive="HKEY_LOCAL_MACHINE" key="SOFTWARE\Microsoft\.NETFramework\v2.0.50727" name="SystemDefaultTlsVersions" type="REG_DWORD" value="00000001"/></Registry>
		<Registry clsid="{9CD4B2F4-923D-47f5-A062-E897DD1DAD50}" name="SchUseStrongCrypto" status="SchUseStrongCrypto" image="12" changed="2020-08-25 18:46:28" uid="{9EFEC33A-B8F7-4AEC-915C-98F18E67F48C}"><Properties action="U" displayDecimal="0" default="0" hive="HKEY_LOCAL_MACHINE" key="SOFTWARE\Microsoft\.NETFramework\v4.0.30319" name="SchUseStrongCrypto" type="REG_DWORD" value="00000001"/></Registry>
		<Registry clsid="{9CD4B2F4-923D-47f5-A062-E897DD1DAD50}" name="SystemDefaultTlsVersions" status="SystemDefaultTlsVersions" image="12" changed="2020-08-25 18:46:22" uid="{0641391D-7225-417F-A7DF-9A763B248B42}"><Properties action="U" displayDecimal="0" default="0" hive="HKEY_LOCAL_MACHINE" key="SOFTWARE\Microsoft\.NETFramework\v4.0.30319" name="SystemDefaultTlsVersions" type="REG_DWORD" value="00000001"/></Registry>
		<Registry clsid="{9CD4B2F4-923D-47f5-A062-E897DD1DAD50}" name="DefaultSecureProtocols" status="DefaultSecureProtocols" image="12" changed="2021-10-13 08:01:38" uid="{C0A4BF33-752F-4318-9B43-7629CA29BC4F}" disabled="0"><Properties action="U" displayDecimal="0" default="0" hive="HKEY_LOCAL_MACHINE" key="SOFTWARE\Microsoft\Windows\CurrentVersion\Internet Settings\WinHttp" name="DefaultSecureProtocols" type="REG_DWORD" value="00002800"/></Registry>
	</Collection>
</RegistrySettings>
