<BackupInst xmlns="http://www.microsoft.com/GroupPolicy/GPOOperations/Manifest"><GPOGuid><![CDATA[{721c33ce-6028-4eb1-97e0-5bd3262fabf8}]]></GPOGuid><GPODomain><![CDATA[domain.local]]></GPODomain><GPODomainGuid><![CDATA[{04cef035-999e-42d2-a4b0-ec110bfb1fc2}]]></GPODomainGuid><GPODomainController><![CDATA[DC-1.domain.local]]></GPODomainController><BackupTime><![CDATA[2025-03-24T02:17:44]]></BackupTime><ID><![CDATA[{7DA94A14-E854-4FCD-B4C4-A6151B7A761A}]]></ID><Comment><![CDATA[]]></Comment><GPODisplayName><![CDATA[Firewall Rules - Windows Remote Management]]></GPODisplayName></BackupInst>
