<BackupInst xmlns="http://www.microsoft.com/GroupPolicy/GPOOperations/Manifest"><GPOGuid><![CDATA[{3141b3ed-ab10-4058-9fe4-a012ac389b2d}]]></GPOGuid><GPODomain><![CDATA[generic.local]]></GPODomain><GPODomainGuid><![CDATA[{04cef035-999e-42d2-a4b0-ec110bfb1fc2}]]></GPODomainGuid><GPODomainController><![CDATA[dc-1.generic.local]]></GPODomainController><BackupTime><![CDATA[2025-03-24T21:55:45]]></BackupTime><ID><![CDATA[{8087101F-8A51-440F-813F-3968427B9C3E}]]></ID><Comment><![CDATA[]]></Comment><GPODisplayName><![CDATA[Explorer - Initial Theme]]></GPODisplayName></BackupInst>
