<BackupInst xmlns="http://www.microsoft.com/GroupPolicy/GPOOperations/Manifest"><GPOGuid><![CDATA[{ecbedfb3-dee0-4dc0-934a-4f67c93d10ad}]]></GPOGuid><GPODomain><![CDATA[domain.local]]></GPODomain><GPODomainGuid><![CDATA[{04cef035-999e-42d2-a4b0-ec110bfb1fc2}]]></GPODomainGuid><GPODomainController><![CDATA[DC-1.domain.local]]></GPODomainController><BackupTime><![CDATA[2025-03-23T23:17:59]]></BackupTime><ID><![CDATA[{8175B3A3-E3D4-4470-8642-4DAEF6EDEAC8}]]></ID><Comment><![CDATA[]]></Comment><GPODisplayName><![CDATA[Network - Trusted Zones - Disabled]]></GPODisplayName></BackupInst>
