<BackupInst xmlns="http://www.microsoft.com/GroupPolicy/GPOOperations/Manifest"><GPOGuid><![CDATA[{c151cd77-c2f4-44fe-a6fa-853c72075778}]]></GPOGuid><GPODomain><![CDATA[domain.local]]></GPODomain><GPODomainGuid><![CDATA[{04cef035-999e-42d2-a4b0-ec110bfb1fc2}]]></GPODomainGuid><GPODomainController><![CDATA[DC-1.domain.local]]></GPODomainController><BackupTime><![CDATA[2025-03-24T01:31:07]]></BackupTime><ID><![CDATA[{82A685F1-469B-412F-8760-B4A461414A58}]]></ID><Comment><![CDATA[]]></Comment><GPODisplayName><![CDATA[Windows Update - Block drivers]]></GPODisplayName></BackupInst>
