<BackupInst xmlns="http://www.microsoft.com/GroupPolicy/GPOOperations/Manifest"><GPOGuid><![CDATA[{26868811-ecc0-4646-98f0-12d31eb40e42}]]></GPOGuid><GPODomain><![CDATA[domain.local]]></GPODomain><GPODomainGuid><![CDATA[{04cef035-999e-42d2-a4b0-ec110bfb1fc2}]]></GPODomainGuid><GPODomainController><![CDATA[DC-1.domain.local]]></GPODomainController><BackupTime><![CDATA[2025-03-24T01:31:06]]></BackupTime><ID><![CDATA[{88076133-6101-4E86-A417-E02D6069EA40}]]></ID><Comment><![CDATA[]]></Comment><GPODisplayName><![CDATA[Windows Defender - Cluster Storage]]></GPODisplayName></BackupInst>
