<BackupInst xmlns="http://www.microsoft.com/GroupPolicy/GPOOperations/Manifest"><GPOGuid><![CDATA[{a7b71d77-cc13-4eb5-bc55-b3a60ff4ae26}]]></GPOGuid><GPODomain><![CDATA[domain.local]]></GPODomain><GPODomainGuid><![CDATA[{04cef035-999e-42d2-a4b0-ec110bfb1fc2}]]></GPODomainGuid><GPODomainController><![CDATA[DC-1.domain.local]]></GPODomainController><BackupTime><![CDATA[2025-03-23T23:18:04]]></BackupTime><ID><![CDATA[{8BB79C43-0D01-474A-81AA-CF9337741AC8}]]></ID><Comment><![CDATA[]]></Comment><GPODisplayName><![CDATA[Local Groups - Desktops]]></GPODisplayName></BackupInst>
