<?xml version="1.0" encoding="utf-8"?><!-- Copyright (c) Microsoft Corporation.  All rights reserved. --><GroupPolicyBackupScheme bkp:version="2.0" bkp:type="GroupPolicyBackupTemplate" xmlns:bkp="http://www.microsoft.com/GroupPolicy/GPOOperations" xmlns="http://www.microsoft.com/GroupPolicy/GPOOperations">
    <GroupPolicyObject><SecurityGroups><Group bkp:Source="FromDACL"><Sid><![CDATA[S-1-5-21-3051899438-3589783691-4031204720-519]]></Sid><SamAccountName><![CDATA[Enterprise Admins]]></SamAccountName><Type><![CDATA[UniversalGroup]]></Type><NetBIOSDomainName><![CDATA[GENERIC]]></NetBIOSDomainName><DnsDomainName><![CDATA[generic.local]]></DnsDomainName><UPN><![CDATA[Enterprise Admins@generic.local]]></UPN></Group><Group bkp:Source="FromDACL"><Sid><![CDATA[S-1-5-21-3051899438-3589783691-4031204720-512]]></Sid><SamAccountName><![CDATA[Domain Admins]]></SamAccountName><Type><![CDATA[GlobalGroup]]></Type><NetBIOSDomainName><![CDATA[GENERIC]]></NetBIOSDomainName><DnsDomainName><![CDATA[generic.local]]></DnsDomainName><UPN><![CDATA[Domain Admins@generic.local]]></UPN></Group></SecurityGroups><FilePaths/><GroupPolicyCoreSettings><ID><![CDATA[{b76afee9-44a1-4bfc-ade1-ff86ad9018b8}]]></ID><Domain><![CDATA[generic.local]]></Domain><SecurityDescriptor>01 00 04 9c 00 00 00 00 00 00 00 00 00 00 00 00 14 00 00 00 04 00 ec 00 08 00 00 00 05 02 28 00 00 01 00 00 01 00 00 00 8f fd ac ed b3 ff d1 11 b4 1d 00 a0 c9 68 f9 39 01 01 00 00 00 00 00 05 0b 00 00 00 00 00 24 00 ff 00 0f 00 01 05 00 00 00 00 00 05 15 00 00 00 2e 4a e8 b5 8b c0 f7 d5 70 4d 47 f0 00 02 00 00 00 02 24 00 ff 00 0f 00 01 05 00 00 00 00 00 05 15 00 00 00 2e 4a e8 b5 8b c0 f7 d5 70 4d 47 f0 00 02 00 00 00 02 24 00 ff 00 0f 00 01 05 00 00 00 00 00 05 15 00 00 00 2e 4a e8 b5 8b c0 f7 d5 70 4d 47 f0 07 02 00 00 00 02 14 00 94 00 02 00 01 01 00 00 00 00 00 05 09 00 00 00 00 02 14 00 94 00 02 00 01 01 00 00 00 00 00 05 0b 00 00 00 00 02 14 00 ff 00 0f 00 01 01 00 00 00 00 00 05 12 00 00 00 00 0a 14 00 ff 00 0f 00 01 01 00 00 00 00 00 03 00 00 00 00</SecurityDescriptor><DisplayName><![CDATA[Network - Prefer IPv4 over IPv6]]></DisplayName><Options><![CDATA[1]]></Options><UserVersionNumber><![CDATA[0]]></UserVersionNumber><MachineVersionNumber><![CDATA[655370]]></MachineVersionNumber><MachineExtensionGuids><![CDATA[[{00000000-0000-0000-0000-000000000000}{BEE07A6A-EC9F-4659-B8C9-0B1937907C83}][{B087BE9D-ED37-454F-AF9C-04291E351182}{BEE07A6A-EC9F-4659-B8C9-0B1937907C83}]]]></MachineExtensionGuids><UserExtensionGuids/><WMIFilter/></GroupPolicyCoreSettings> 
        <GroupPolicyExtension bkp:ID="{35378EAC-683F-11D2-A89A-00C04FBBCFA2}" bkp:DescName="Registry">
            
            
            <FSObjectFile bkp:Path="%GPO_FSPATH%\Adm\*.*" bkp:SourceExpandedPath="\\dc-1.generic.local\sysvol\generic.local\Policies\{b76afee9-44a1-4bfc-ade1-ff86ad9018b8}\Adm\*.*"/>
        </GroupPolicyExtension>
        
        
        
        
        
        
        
        
        
    <GroupPolicyExtension bkp:ID="{F15C46CD-82A0-4C2D-A210-5D0D3182A418}" bkp:DescName="Unknown Extension"><DSObject bkp:Path="CN=Microsoft,%GPO_MACH_DSPATH%" bkp:SourceExpandedPath="CN=Microsoft,CN=Machine,CN={B76AFEE9-44A1-4BFC-ADE1-FF86AD9018B8},CN=Policies,CN=System,DC=alexbarth,DC=net" bkp:ObjectClass="container"><DSAttributeMultiString bkp:DSAttrName="showInAdvancedViewOnly"><DSValue><![CDATA[TRUE]]></DSValue></DSAttributeMultiString></DSObject><DSObject bkp:Path="CN=Windows,CN=Microsoft,%GPO_MACH_DSPATH%" bkp:SourceExpandedPath="CN=Windows,CN=Microsoft,CN=Machine,CN={B76AFEE9-44A1-4BFC-ADE1-FF86AD9018B8},CN=Policies,CN=System,DC=alexbarth,DC=net" bkp:ObjectClass="container"><DSAttributeMultiString bkp:DSAttrName="showInAdvancedViewOnly"><DSValue><![CDATA[TRUE]]></DSValue></DSAttributeMultiString></DSObject><DSObject bkp:Path="CN=IEEE8023,CN=Windows,CN=Microsoft,%GPO_MACH_DSPATH%" bkp:SourceExpandedPath="CN=IEEE8023,CN=Windows,CN=Microsoft,CN=Machine,CN={B76AFEE9-44A1-4BFC-ADE1-FF86AD9018B8},CN=Policies,CN=System,DC=alexbarth,DC=net" bkp:ObjectClass="container"><DSAttributeMultiString bkp:DSAttrName="showInAdvancedViewOnly"><DSValue><![CDATA[TRUE]]></DSValue></DSAttributeMultiString></DSObject><DSObject bkp:Path="CN=IEEE80211,CN=Windows,CN=Microsoft,%GPO_MACH_DSPATH%" bkp:SourceExpandedPath="CN=IEEE80211,CN=Windows,CN=Microsoft,CN=Machine,CN={B76AFEE9-44A1-4BFC-ADE1-FF86AD9018B8},CN=Policies,CN=System,DC=alexbarth,DC=net" bkp:ObjectClass="container"><DSAttributeMultiString bkp:DSAttrName="showInAdvancedViewOnly"><DSValue><![CDATA[TRUE]]></DSValue></DSAttributeMultiString></DSObject><FSObjectDir bkp:Path="%GPO_MACH_FSPATH%\Microsoft" bkp:SourceExpandedPath="\\dc-1.generic.local\sysvol\generic.local\Policies\{b76afee9-44a1-4bfc-ade1-ff86ad9018b8}\Machine\Microsoft" bkp:Location="DomainSysvol\GPO\Machine\Microsoft"/><FSObjectDir bkp:Path="%GPO_MACH_FSPATH%\Microsoft\Windows NT" bkp:SourceExpandedPath="\\dc-1.generic.local\sysvol\generic.local\Policies\{b76afee9-44a1-4bfc-ade1-ff86ad9018b8}\Machine\Microsoft\Windows NT" bkp:Location="DomainSysvol\GPO\Machine\Microsoft\Windows NT"/><FSObjectDir bkp:Path="%GPO_MACH_FSPATH%\Microsoft\Windows NT\SecEdit" bkp:SourceExpandedPath="\\dc-1.generic.local\sysvol\generic.local\Policies\{b76afee9-44a1-4bfc-ade1-ff86ad9018b8}\Machine\Microsoft\Windows NT\SecEdit" bkp:Location="DomainSysvol\GPO\Machine\Microsoft\Windows NT\SecEdit"/><FSObjectFile bkp:Path="%GPO_MACH_FSPATH%\Microsoft\Windows NT\SecEdit\GptTmpl.inf" bkp:SourceExpandedPath="\\dc-1.generic.local\sysvol\generic.local\Policies\{b76afee9-44a1-4bfc-ade1-ff86ad9018b8}\Machine\Microsoft\Windows NT\SecEdit\GptTmpl.inf" bkp:Location="DomainSysvol\GPO\Machine\Microsoft\Windows NT\SecEdit\GptTmpl.inf"/><FSObjectDir bkp:Path="%GPO_MACH_FSPATH%\Preferences" bkp:SourceExpandedPath="\\dc-1.generic.local\sysvol\generic.local\Policies\{b76afee9-44a1-4bfc-ade1-ff86ad9018b8}\Machine\Preferences" bkp:Location="DomainSysvol\GPO\Machine\Preferences"/><FSObjectDir bkp:Path="%GPO_MACH_FSPATH%\Preferences\Registry" bkp:SourceExpandedPath="\\dc-1.generic.local\sysvol\generic.local\Policies\{b76afee9-44a1-4bfc-ade1-ff86ad9018b8}\Machine\Preferences\Registry" bkp:Location="DomainSysvol\GPO\Machine\Preferences\Registry"/><FSObjectFile bkp:Path="%GPO_MACH_FSPATH%\Preferences\Registry\Registry.xml" bkp:SourceExpandedPath="\\dc-1.generic.local\sysvol\generic.local\Policies\{b76afee9-44a1-4bfc-ade1-ff86ad9018b8}\Machine\Preferences\Registry\Registry.xml" bkp:Location="DomainSysvol\GPO\Machine\Preferences\Registry\Registry.xml"/></GroupPolicyExtension></GroupPolicyObject>
</GroupPolicyBackupScheme>