<BackupInst xmlns="http://www.microsoft.com/GroupPolicy/GPOOperations/Manifest"><GPOGuid><![CDATA[{2a76c092-3dc2-438e-9906-f457b184531b}]]></GPOGuid><GPODomain><![CDATA[domain.local]]></GPODomain><GPODomainGuid><![CDATA[{04cef035-999e-42d2-a4b0-ec110bfb1fc2}]]></GPODomainGuid><GPODomainController><![CDATA[DC-1.domain.local]]></GPODomainController><BackupTime><![CDATA[2025-03-23T16:27:43]]></BackupTime><ID><![CDATA[{95E10547-2117-47F6-B95B-77139F18B2E3}]]></ID><Comment><![CDATA[]]></Comment><GPODisplayName><![CDATA[Login - Allow Network Selection]]></GPODisplayName></BackupInst>
