<BackupInst xmlns="http://www.microsoft.com/GroupPolicy/GPOOperations/Manifest"><GPOGuid><![CDATA[{a40f2196-37fc-4701-96c5-9076c782a09a}]]></GPOGuid><GPODomain><![CDATA[domain.local]]></GPODomain><GPODomainGuid><![CDATA[{04cef035-999e-42d2-a4b0-ec110bfb1fc2}]]></GPODomainGuid><GPODomainController><![CDATA[DC-1.domain.local]]></GPODomainController><BackupTime><![CDATA[2025-03-23T16:27:37]]></BackupTime><ID><![CDATA[{98BE9AF7-5ACB-4632-8F70-19614F572BD3}]]></ID><Comment><![CDATA[]]></Comment><GPODisplayName><![CDATA[Windows - Fix Server Manager]]></GPODisplayName></BackupInst>
