<BackupInst xmlns="http://www.microsoft.com/GroupPolicy/GPOOperations/Manifest"><GPOGuid><![CDATA[{59d000dd-34d4-46c9-86cc-82f4067ccc72}]]></GPOGuid><GPODomain><![CDATA[generic.local]]></GPODomain><GPODomainGuid><![CDATA[{04cef035-999e-42d2-a4b0-ec110bfb1fc2}]]></GPODomainGuid><GPODomainController><![CDATA[dc-1.generic.local]]></GPODomainController><BackupTime><![CDATA[2025-03-24T17:54:01]]></BackupTime><ID><![CDATA[{994EB0AC-927E-4D90-ACAD-1F9A92636087}]]></ID><Comment><![CDATA[]]></Comment><GPODisplayName><![CDATA[Explorer - Themes and Colors]]></GPODisplayName></BackupInst>
