<BackupInst xmlns="http://www.microsoft.com/GroupPolicy/GPOOperations/Manifest"><GPOGuid><![CDATA[{6734f7d7-97c5-423f-a189-193c86b93128}]]></GPOGuid><GPODomain><![CDATA[generic.local]]></GPODomain><GPODomainGuid><![CDATA[{04cef035-999e-42d2-a4b0-ec110bfb1fc2}]]></GPODomainGuid><GPODomainController><![CDATA[dc-1.generic.local]]></GPODomainController><BackupTime><![CDATA[2025-03-24T17:54:00]]></BackupTime><ID><![CDATA[{9EF8A7BE-F661-4F06-965F-C42BA315ACD2}]]></ID><Comment><![CDATA[]]></Comment><GPODisplayName><![CDATA[Scripts - Update-NetworkAdapters]]></GPODisplayName></BackupInst>
