<BackupInst xmlns="http://www.microsoft.com/GroupPolicy/GPOOperations/Manifest"><GPOGuid><![CDATA[{b717b298-c8e5-4c31-be66-c3c03cbef078}]]></GPOGuid><GPODomain><![CDATA[domain.local]]></GPODomain><GPODomainGuid><![CDATA[{04cef035-999e-42d2-a4b0-ec110bfb1fc2}]]></GPODomainGuid><GPODomainController><![CDATA[DC-1.domain.local]]></GPODomainController><BackupTime><![CDATA[2025-03-24T01:31:03]]></BackupTime><ID><![CDATA[{A024F2E8-9CA7-4C87-82F8-ADDFA37567DF}]]></ID><Comment><![CDATA[]]></Comment><GPODisplayName><![CDATA[Scripts - Update-ComputerName]]></GPODisplayName></BackupInst>
