<BackupInst xmlns="http://www.microsoft.com/GroupPolicy/GPOOperations/Manifest"><GPOGuid><![CDATA[{8393eef8-5816-4c66-939c-a84ef96ac92b}]]></GPOGuid><GPODomain><![CDATA[generic.local]]></GPODomain><GPODomainGuid><![CDATA[{04cef035-999e-42d2-a4b0-ec110bfb1fc2}]]></GPODomainGuid><GPODomainController><![CDATA[dc-1.generic.local]]></GPODomainController><BackupTime><![CDATA[2025-03-24T21:55:20]]></BackupTime><ID><![CDATA[{A0B8CBF8-E8BF-4A8D-8E26-AAB86DFA45FA}]]></ID><Comment><![CDATA[]]></Comment><GPODisplayName><![CDATA[Firewall - Enable with Logfile]]></GPODisplayName></BackupInst>
