<BackupInst xmlns="http://www.microsoft.com/GroupPolicy/GPOOperations/Manifest"><GPOGuid><![CDATA[{d0ee77da-b098-469f-93e8-585857ce95fc}]]></GPOGuid><GPODomain><![CDATA[generic.local]]></GPODomain><GPODomainGuid><![CDATA[{04cef035-999e-42d2-a4b0-ec110bfb1fc2}]]></GPODomainGuid><GPODomainController><![CDATA[dc-1.generic.local]]></GPODomainController><BackupTime><![CDATA[2025-03-24T21:23:59]]></BackupTime><ID><![CDATA[{A2560FF5-4192-4F07-8C72-2F5FFA1CA6AA}]]></ID><Comment><![CDATA[]]></Comment><GPODisplayName><![CDATA[Edge - Sidebar and Prompts]]></GPODisplayName></BackupInst>
