<BackupInst xmlns="http://www.microsoft.com/GroupPolicy/GPOOperations/Manifest"><GPOGuid><![CDATA[{8e0fb088-cceb-4ab4-964e-efae345da99a}]]></GPOGuid><GPODomain><![CDATA[domain.local]]></GPODomain><GPODomainGuid><![CDATA[{04cef035-999e-42d2-a4b0-ec110bfb1fc2}]]></GPODomainGuid><GPODomainController><![CDATA[DC-1.domain.local]]></GPODomainController><BackupTime><![CDATA[2025-03-23T23:17:47]]></BackupTime><ID><![CDATA[{A25C804E-5AC3-4997-A76C-E7F4D5EC44DB}]]></ID><Comment><![CDATA[]]></Comment><GPODisplayName><![CDATA[Windows Update - Settings]]></GPODisplayName></BackupInst>
