<BackupInst xmlns="http://www.microsoft.com/GroupPolicy/GPOOperations/Manifest"><GPOGuid><![CDATA[{7598bcfb-4efc-4aa2-a5ef-d078ff09fe57}]]></GPOGuid><GPODomain><![CDATA[domain.local]]></GPODomain><GPODomainGuid><![CDATA[{04cef035-999e-42d2-a4b0-ec110bfb1fc2}]]></GPODomainGuid><GPODomainController><![CDATA[DC-1.domain.local]]></GPODomainController><BackupTime><![CDATA[2025-03-23T16:27:42]]></BackupTime><ID><![CDATA[{A32E6F9D-2802-4861-BC69-C761B4450E36}]]></ID><Comment><![CDATA[]]></Comment><GPODisplayName><![CDATA[Kerberos - Encryption Types]]></GPODisplayName></BackupInst>
