<BackupInst xmlns="http://www.microsoft.com/GroupPolicy/GPOOperations/Manifest"><GPOGuid><![CDATA[{3cb4cce7-3f84-46a2-8889-bc8f488e1ce3}]]></GPOGuid><GPODomain><![CDATA[domain.local]]></GPODomain><GPODomainGuid><![CDATA[{04cef035-999e-42d2-a4b0-ec110bfb1fc2}]]></GPODomainGuid><GPODomainController><![CDATA[DC-1.domain.local]]></GPODomainController><BackupTime><![CDATA[2025-03-24T01:49:17]]></BackupTime><ID><![CDATA[{A3686B7D-3625-4BBE-9F35-EE7CFC7BF966}]]></ID><Comment><![CDATA[]]></Comment><GPODisplayName><![CDATA[Explorer - 3D Objects]]></GPODisplayName></BackupInst>
