<BackupInst xmlns="http://www.microsoft.com/GroupPolicy/GPOOperations/Manifest"><GPOGuid><![CDATA[{9dbf0513-4a96-4b69-b785-ccb00f4d098c}]]></GPOGuid><GPODomain><![CDATA[domain.local]]></GPODomain><GPODomainGuid><![CDATA[{04cef035-999e-42d2-a4b0-ec110bfb1fc2}]]></GPODomainGuid><GPODomainController><![CDATA[DC-1.domain.local]]></GPODomainController><BackupTime><![CDATA[2025-03-24T02:17:52]]></BackupTime><ID><![CDATA[{A4EA22F3-09E8-4B2D-B4F1-8FFC694C17D9}]]></ID><Comment><![CDATA[]]></Comment><GPODisplayName><![CDATA[OneDrive - Enable Ignore List]]></GPODisplayName></BackupInst>
