<BackupInst xmlns="http://www.microsoft.com/GroupPolicy/GPOOperations/Manifest"><GPOGuid><![CDATA[{4954e42a-5fa7-4faa-981c-192eab844dd1}]]></GPOGuid><GPODomain><![CDATA[domain.local]]></GPODomain><GPODomainGuid><![CDATA[{04cef035-999e-42d2-a4b0-ec110bfb1fc2}]]></GPODomainGuid><GPODomainController><![CDATA[DC-1.domain.local]]></GPODomainController><BackupTime><![CDATA[2025-03-23T16:27:45]]></BackupTime><ID><![CDATA[{A5DBB31B-3F15-428F-B0F6-24DA4CB85DB1}]]></ID><Comment><![CDATA[]]></Comment><GPODisplayName><![CDATA[Kerberos - Clients]]></GPODisplayName></BackupInst>
