<BackupInst xmlns="http://www.microsoft.com/GroupPolicy/GPOOperations/Manifest"><GPOGuid><![CDATA[{3cb4cce7-3f84-46a2-8889-bc8f488e1ce3}]]></GPOGuid><GPODomain><![CDATA[generic.local]]></GPODomain><GPODomainGuid><![CDATA[{04cef035-999e-42d2-a4b0-ec110bfb1fc2}]]></GPODomainGuid><GPODomainController><![CDATA[dc-1.generic.local]]></GPODomainController><BackupTime><![CDATA[2025-03-24T21:55:26]]></BackupTime><ID><![CDATA[{A6005DCC-39AC-4321-ACE1-959BC3E6C63B}]]></ID><Comment><![CDATA[]]></Comment><GPODisplayName><![CDATA[Explorer - 3D Objects]]></GPODisplayName></BackupInst>
