<?xml version="1.0" encoding="utf-8"?>
<RegistrySettings clsid="{A3CCFC41-DFDB-43a5-8D26-0FE8B954DA51}"><Registry clsid="{9CD4B2F4-923D-47f5-A062-E897DD1DAD50}" name="15 Field Engineering" status="15 Field Engineering" image="12" changed="2020-07-10 06:46:58" uid="{0FB8BC52-D1A0-4CFB-85C9-6230EB70E055}"><Properties action="U" displayDecimal="1" default="0" hive="HKEY_LOCAL_MACHINE" key="System\CurrentControlSet\Services\NTDS\Diagnostics" name="15 Field Engineering" type="REG_DWORD" value="00000005"/></Registry>
	<Registry clsid="{9CD4B2F4-923D-47f5-A062-E897DD1DAD50}" name="16 LDAP Interface Events" status="16 LDAP Interface Events" image="12" changed="2022-11-18 20:44:21" uid="{3ECD8C89-38F3-42E1-BB3B-24C23CA0B4F7}"><Properties action="U" displayDecimal="1" default="0" hive="HKEY_LOCAL_MACHINE" key="System\CurrentControlSet\Services\NTDS\Diagnostics" name="16 LDAP Interface Events" type="REG_DWORD" value="00000002"/></Registry>
	<Registry clsid="{9CD4B2F4-923D-47f5-A062-E897DD1DAD50}" name="Expensive Search Results Threshold" status="Expensive Search Results Threshold" image="13" changed="2022-11-18 20:44:14" uid="{E934E3E0-34A6-4E0F-B5DE-17270110690D}"><Properties action="D" displayDecimal="1" default="0" hive="HKEY_LOCAL_MACHINE" key="System\CurrentControlSet\Services\NTDS\Parameters" name="Expensive Search Results Threshold" type="REG_DWORD" value="00000001"/></Registry>
	<Registry clsid="{9CD4B2F4-923D-47f5-A062-E897DD1DAD50}" name="Inefficient Search Results Threshold" status="Inefficient Search Results Threshold" image="13" changed="2022-11-18 20:44:07" uid="{D34EFFB5-9AFE-46DF-8FD6-6663FC2DF47E}"><Properties action="D" displayDecimal="1" default="0" hive="HKEY_LOCAL_MACHINE" key="System\CurrentControlSet\Services\NTDS\Parameters" name="Inefficient Search Results Threshold" type="REG_DWORD" value="00000001"/></Registry>
	<Registry clsid="{9CD4B2F4-923D-47f5-A062-E897DD1DAD50}" name="Search Time Threshold (msecs)" status="Search Time Threshold (msecs)" image="12" changed="2020-07-10 06:48:48" uid="{FB415A07-A326-4651-B92B-0BC9A1D94492}"><Properties action="U" displayDecimal="0" default="0" hive="HKEY_LOCAL_MACHINE" key="System\CurrentControlSet\Services\NTDS\Parameters" name="Search Time Threshold (msecs)" type="REG_DWORD" value="00000001"/></Registry>
</RegistrySettings>
