<BackupInst xmlns="http://www.microsoft.com/GroupPolicy/GPOOperations/Manifest"><GPOGuid><![CDATA[{8f007e29-0514-49d7-b2d0-ec6fda2adfb4}]]></GPOGuid><GPODomain><![CDATA[domain.local]]></GPODomain><GPODomainGuid><![CDATA[{04cef035-999e-42d2-a4b0-ec110bfb1fc2}]]></GPODomainGuid><GPODomainController><![CDATA[DC-1.domain.local]]></GPODomainController><BackupTime><![CDATA[2025-03-24T01:49:22]]></BackupTime><ID><![CDATA[{AA6B5C3D-6FDE-423E-863E-4F4A97E2BECD}]]></ID><Comment><![CDATA[]]></Comment><GPODisplayName><![CDATA[Network - Trusted Zones - Azure AD]]></GPODisplayName></BackupInst>
