<BackupInst xmlns="http://www.microsoft.com/GroupPolicy/GPOOperations/Manifest"><GPOGuid><![CDATA[{4f747de5-7aba-401a-92e0-ab531c962a66}]]></GPOGuid><GPODomain><![CDATA[domain.local]]></GPODomain><GPODomainGuid><![CDATA[{04cef035-999e-42d2-a4b0-ec110bfb1fc2}]]></GPODomainGuid><GPODomainController><![CDATA[DC-1.domain.local]]></GPODomainController><BackupTime><![CDATA[2025-03-23T23:18:07]]></BackupTime><ID><![CDATA[{B2468E0A-D487-4D90-AFA5-1328408B8D91}]]></ID><Comment><![CDATA[]]></Comment><GPODisplayName><![CDATA[Login - Disable Hybrid Join]]></GPODisplayName></BackupInst>
