<BackupInst xmlns="http://www.microsoft.com/GroupPolicy/GPOOperations/Manifest"><GPOGuid><![CDATA[{4ba0de8b-1ee0-40e7-8074-544e60f68e20}]]></GPOGuid><GPODomain><![CDATA[domain.local]]></GPODomain><GPODomainGuid><![CDATA[{04cef035-999e-42d2-a4b0-ec110bfb1fc2}]]></GPODomainGuid><GPODomainController><![CDATA[DC-1.domain.local]]></GPODomainController><BackupTime><![CDATA[2025-03-24T01:31:15]]></BackupTime><ID><![CDATA[{B2CBB76E-3FD8-44A3-8E2C-173ECFABBF10}]]></ID><Comment><![CDATA[]]></Comment><GPODisplayName><![CDATA[Domain Controllers - DC Locator Records - Retired]]></GPODisplayName></BackupInst>
