<BackupInst xmlns="http://www.microsoft.com/GroupPolicy/GPOOperations/Manifest"><GPOGuid><![CDATA[{31512959-cae6-4909-a326-9c3a4b105218}]]></GPOGuid><GPODomain><![CDATA[domain.local]]></GPODomain><GPODomainGuid><![CDATA[{04cef035-999e-42d2-a4b0-ec110bfb1fc2}]]></GPODomainGuid><GPODomainController><![CDATA[DC-1.domain.local]]></GPODomainController><BackupTime><![CDATA[2025-03-24T01:49:26]]></BackupTime><ID><![CDATA[{B3DE782F-2373-4D5C-BFDE-8B54ECE82559}]]></ID><Comment><![CDATA[]]></Comment><GPODisplayName><![CDATA[Windows - Fix WinRM Envelope Size]]></GPODisplayName></BackupInst>
