<BackupInst xmlns="http://www.microsoft.com/GroupPolicy/GPOOperations/Manifest"><GPOGuid><![CDATA[{b717b298-c8e5-4c31-be66-c3c03cbef078}]]></GPOGuid><GPODomain><![CDATA[domain.local]]></GPODomain><GPODomainGuid><![CDATA[{04cef035-999e-42d2-a4b0-ec110bfb1fc2}]]></GPODomainGuid><GPODomainController><![CDATA[DC-1.domain.local]]></GPODomainController><BackupTime><![CDATA[2025-03-24T02:17:45]]></BackupTime><ID><![CDATA[{B583F77D-80E0-4436-8D31-497E56C016CE}]]></ID><Comment><![CDATA[]]></Comment><GPODisplayName><![CDATA[Scripts - Update-ComputerName]]></GPODisplayName></BackupInst>
