<BackupInst xmlns="http://www.microsoft.com/GroupPolicy/GPOOperations/Manifest"><GPOGuid><![CDATA[{444468bb-806e-4f72-ba1a-8a45d1471645}]]></GPOGuid><GPODomain><![CDATA[generic.local]]></GPODomain><GPODomainGuid><![CDATA[{04cef035-999e-42d2-a4b0-ec110bfb1fc2}]]></GPODomainGuid><GPODomainController><![CDATA[dc-1.generic.local]]></GPODomainController><BackupTime><![CDATA[2025-03-24T21:55:42]]></BackupTime><ID><![CDATA[{B5C72028-E849-4639-AF2D-D7BFC332AFF1}]]></ID><Comment><![CDATA[]]></Comment><GPODisplayName><![CDATA[Security - Inactivity Timeout - Disable]]></GPODisplayName></BackupInst>
