<BackupInst xmlns="http://www.microsoft.com/GroupPolicy/GPOOperations/Manifest"><GPOGuid><![CDATA[{3cc609c9-94f2-4fcc-9a57-5bb67b4f8e79}]]></GPOGuid><GPODomain><![CDATA[domain.local]]></GPODomain><GPODomainGuid><![CDATA[{04cef035-999e-42d2-a4b0-ec110bfb1fc2}]]></GPODomainGuid><GPODomainController><![CDATA[DC-1.domain.local]]></GPODomainController><BackupTime><![CDATA[2025-03-23T23:18:04]]></BackupTime><ID><![CDATA[{B66ED277-5209-4315-AA68-5B891E64E2C3}]]></ID><Comment><![CDATA[]]></Comment><GPODisplayName><![CDATA[Firewall - Disable Local Rules]]></GPODisplayName></BackupInst>
