<BackupInst xmlns="http://www.microsoft.com/GroupPolicy/GPOOperations/Manifest"><GPOGuid><![CDATA[{560f0e9f-f249-4ea7-86ca-9f34931bdc94}]]></GPOGuid><GPODomain><![CDATA[generic.local]]></GPODomain><GPODomainGuid><![CDATA[{04cef035-999e-42d2-a4b0-ec110bfb1fc2}]]></GPODomainGuid><GPODomainController><![CDATA[dc-1.generic.local]]></GPODomainController><BackupTime><![CDATA[2025-03-24T17:54:08]]></BackupTime><ID><![CDATA[{B7B4B41F-9FA6-4B33-B702-4DA3D098B2B3}]]></ID><Comment><![CDATA[]]></Comment><GPODisplayName><![CDATA[Login - Interactive Logon - Servers]]></GPODisplayName></BackupInst>
