<BackupInst xmlns="http://www.microsoft.com/GroupPolicy/GPOOperations/Manifest"><GPOGuid><![CDATA[{3cb4cce7-3f84-46a2-8889-bc8f488e1ce3}]]></GPOGuid><GPODomain><![CDATA[generic.local]]></GPODomain><GPODomainGuid><![CDATA[{04cef035-999e-42d2-a4b0-ec110bfb1fc2}]]></GPODomainGuid><GPODomainController><![CDATA[dc-1.generic.local]]></GPODomainController><BackupTime><![CDATA[2025-03-24T22:46:42]]></BackupTime><ID><![CDATA[{B82A24E7-428A-41AA-8431-72262336B25E}]]></ID><Comment><![CDATA[]]></Comment><GPODisplayName><![CDATA[Explorer - 3D Objects]]></GPODisplayName></BackupInst>
