<BackupInst xmlns="http://www.microsoft.com/GroupPolicy/GPOOperations/Manifest"><GPOGuid><![CDATA[{423ab64c-52de-4850-ba9e-0c596a5cc297}]]></GPOGuid><GPODomain><![CDATA[domain.local]]></GPODomain><GPODomainGuid><![CDATA[{04cef035-999e-42d2-a4b0-ec110bfb1fc2}]]></GPODomainGuid><GPODomainController><![CDATA[DC-1.domain.local]]></GPODomainController><BackupTime><![CDATA[2025-03-24T02:17:41]]></BackupTime><ID><![CDATA[{B951EB91-91B8-4043-977A-C0ECB521B63B}]]></ID><Comment><![CDATA[]]></Comment><GPODisplayName><![CDATA[Desktop Background - Default]]></GPODisplayName></BackupInst>
