<BackupInst xmlns="http://www.microsoft.com/GroupPolicy/GPOOperations/Manifest"><GPOGuid><![CDATA[{61c6b39c-1d36-4058-8344-398c3cf3d6c6}]]></GPOGuid><GPODomain><![CDATA[domain.local]]></GPODomain><GPODomainGuid><![CDATA[{04cef035-999e-42d2-a4b0-ec110bfb1fc2}]]></GPODomainGuid><GPODomainController><![CDATA[DC-1.domain.local]]></GPODomainController><BackupTime><![CDATA[2025-03-24T01:49:21]]></BackupTime><ID><![CDATA[{BDBAD9DC-F8C7-4225-B11D-D0AAA4369660}]]></ID><Comment><![CDATA[]]></Comment><GPODisplayName><![CDATA[Network - Set NetBT to P-mode]]></GPODisplayName></BackupInst>
