<BackupInst xmlns="http://www.microsoft.com/GroupPolicy/GPOOperations/Manifest"><GPOGuid><![CDATA[{f93cb412-f10a-4a31-ab1e-78a751c08ff6}]]></GPOGuid><GPODomain><![CDATA[domain.local]]></GPODomain><GPODomainGuid><![CDATA[{04cef035-999e-42d2-a4b0-ec110bfb1fc2}]]></GPODomainGuid><GPODomainController><![CDATA[DC-1.domain.local]]></GPODomainController><BackupTime><![CDATA[2025-03-24T01:31:02]]></BackupTime><ID><![CDATA[{BF7B4408-AA65-4526-B69F-96880D8651CD}]]></ID><Comment><![CDATA[]]></Comment><GPODisplayName><![CDATA[Login - Interactive Logon - Clients]]></GPODisplayName></BackupInst>
