<BackupInst xmlns="http://www.microsoft.com/GroupPolicy/GPOOperations/Manifest"><GPOGuid><![CDATA[{0568902c-e284-48e7-81eb-035df6bf11d1}]]></GPOGuid><GPODomain><![CDATA[domain.local]]></GPODomain><GPODomainGuid><![CDATA[{04cef035-999e-42d2-a4b0-ec110bfb1fc2}]]></GPODomainGuid><GPODomainController><![CDATA[DC-1.domain.local]]></GPODomainController><BackupTime><![CDATA[2025-03-23T16:27:49]]></BackupTime><ID><![CDATA[{C1B7C092-AFD5-4FA7-BE64-FDC505C1FE24}]]></ID><Comment><![CDATA[]]></Comment><GPODisplayName><![CDATA[Edge - New Tab]]></GPODisplayName></BackupInst>
