<BackupInst xmlns="http://www.microsoft.com/GroupPolicy/GPOOperations/Manifest"><GPOGuid><![CDATA[{f4657801-8e7e-446e-84f1-d47c56c3ff33}]]></GPOGuid><GPODomain><![CDATA[domain.local]]></GPODomain><GPODomainGuid><![CDATA[{04cef035-999e-42d2-a4b0-ec110bfb1fc2}]]></GPODomainGuid><GPODomainController><![CDATA[DC-1.domain.local]]></GPODomainController><BackupTime><![CDATA[2025-03-24T01:49:16]]></BackupTime><ID><![CDATA[{C25FF5B5-A28C-4585-90DB-F2FB875200EB}]]></ID><Comment><![CDATA[]]></Comment><GPODisplayName><![CDATA[Explorer - Start Menu]]></GPODisplayName></BackupInst>
