<BackupInst xmlns="http://www.microsoft.com/GroupPolicy/GPOOperations/Manifest"><GPOGuid><![CDATA[{962df16b-e25d-454c-be46-74ea7e32c288}]]></GPOGuid><GPODomain><![CDATA[generic.local]]></GPODomain><GPODomainGuid><![CDATA[{04cef035-999e-42d2-a4b0-ec110bfb1fc2}]]></GPODomainGuid><GPODomainController><![CDATA[dc-1.generic.local]]></GPODomainController><BackupTime><![CDATA[2025-03-24T22:46:51]]></BackupTime><ID><![CDATA[{C56532BF-922D-4952-A327-87E7F2BBD7B1}]]></ID><Comment><![CDATA[]]></Comment><GPODisplayName><![CDATA[Windows - Do not Power Off after Shutdown]]></GPODisplayName></BackupInst>
