<BackupInst xmlns="http://www.microsoft.com/GroupPolicy/GPOOperations/Manifest"><GPOGuid><![CDATA[{aaaed136-5662-44cf-9b97-9f0464f6295c}]]></GPOGuid><GPODomain><![CDATA[domain.local]]></GPODomain><GPODomainGuid><![CDATA[{04cef035-999e-42d2-a4b0-ec110bfb1fc2}]]></GPODomainGuid><GPODomainController><![CDATA[DC-1.domain.local]]></GPODomainController><BackupTime><![CDATA[2025-03-24T01:30:57]]></BackupTime><ID><![CDATA[{CB49361F-CF8F-43FE-84A7-E2C1470E49D1}]]></ID><Comment><![CDATA[]]></Comment><GPODisplayName><![CDATA[Windows - Fix NumLock State]]></GPODisplayName></BackupInst>
