<BackupInst xmlns="http://www.microsoft.com/GroupPolicy/GPOOperations/Manifest"><GPOGuid><![CDATA[{7b90d916-a2ce-46f2-b304-e511eb13d013}]]></GPOGuid><GPODomain><![CDATA[generic.local]]></GPODomain><GPODomainGuid><![CDATA[{04cef035-999e-42d2-a4b0-ec110bfb1fc2}]]></GPODomainGuid><GPODomainController><![CDATA[dc-1.generic.local]]></GPODomainController><BackupTime><![CDATA[2025-03-24T21:55:22]]></BackupTime><ID><![CDATA[{CC0804EB-412F-4211-8B72-26705C4EF80D}]]></ID><Comment><![CDATA[]]></Comment><GPODisplayName><![CDATA[Windows Update - 6AM Tuesday - Install]]></GPODisplayName></BackupInst>
