<BackupInst xmlns="http://www.microsoft.com/GroupPolicy/GPOOperations/Manifest"><GPOGuid><![CDATA[{dbf176ee-d6d4-4c1e-9557-ed7613fc020a}]]></GPOGuid><GPODomain><![CDATA[domain.local]]></GPODomain><GPODomainGuid><![CDATA[{04cef035-999e-42d2-a4b0-ec110bfb1fc2}]]></GPODomainGuid><GPODomainController><![CDATA[DC-1.domain.local]]></GPODomainController><BackupTime><![CDATA[2025-03-23T16:27:51]]></BackupTime><ID><![CDATA[{CE53AA10-EA63-4C11-971C-C4D6CD6FCDFD}]]></ID><Comment><![CDATA[]]></Comment><GPODisplayName><![CDATA[Explorer - Themes and Colors - Default]]></GPODisplayName></BackupInst>
