<BackupInst xmlns="http://www.microsoft.com/GroupPolicy/GPOOperations/Manifest"><GPOGuid><![CDATA[{149128ec-9908-4659-bfd7-2c9df1b8106a}]]></GPOGuid><GPODomain><![CDATA[domain.local]]></GPODomain><GPODomainGuid><![CDATA[{04cef035-999e-42d2-a4b0-ec110bfb1fc2}]]></GPODomainGuid><GPODomainController><![CDATA[DC-1.domain.local]]></GPODomainController><BackupTime><![CDATA[2025-03-23T16:27:43]]></BackupTime><ID><![CDATA[{D1A4E866-5BD2-43ED-A1B3-B15D80B2455E}]]></ID><Comment><![CDATA[]]></Comment><GPODisplayName><![CDATA[Login - Allow Shutdown]]></GPODisplayName></BackupInst>
