<BackupInst xmlns="http://www.microsoft.com/GroupPolicy/GPOOperations/Manifest"><GPOGuid><![CDATA[{b76afee9-44a1-4bfc-ade1-ff86ad9018b8}]]></GPOGuid><GPODomain><![CDATA[domain.local]]></GPODomain><GPODomainGuid><![CDATA[{04cef035-999e-42d2-a4b0-ec110bfb1fc2}]]></GPODomainGuid><GPODomainController><![CDATA[DC-1.domain.local]]></GPODomainController><BackupTime><![CDATA[2025-03-23T16:27:39]]></BackupTime><ID><![CDATA[{D3082E6F-43D6-4DEC-A10B-CCB9C6E44E3E}]]></ID><Comment><![CDATA[]]></Comment><GPODisplayName><![CDATA[Network - Prefer IPv4 over IPv6]]></GPODisplayName></BackupInst>
