<BackupInst xmlns="http://www.microsoft.com/GroupPolicy/GPOOperations/Manifest"><GPOGuid><![CDATA[{dae7f2d0-423d-4d89-8da3-93d342dc5bb1}]]></GPOGuid><GPODomain><![CDATA[generic.local]]></GPODomain><GPODomainGuid><![CDATA[{04cef035-999e-42d2-a4b0-ec110bfb1fc2}]]></GPODomainGuid><GPODomainController><![CDATA[dc-1.generic.local]]></GPODomainController><BackupTime><![CDATA[2025-03-24T21:55:32]]></BackupTime><ID><![CDATA[{DAD2FEBE-E3AD-43B2-9565-913719401D3D}]]></ID><Comment><![CDATA[]]></Comment><GPODisplayName><![CDATA[Local Groups - Hyper-V]]></GPODisplayName></BackupInst>
