<BackupInst xmlns="http://www.microsoft.com/GroupPolicy/GPOOperations/Manifest"><GPOGuid><![CDATA[{f93cb412-f10a-4a31-ab1e-78a751c08ff6}]]></GPOGuid><GPODomain><![CDATA[generic.local]]></GPODomain><GPODomainGuid><![CDATA[{04cef035-999e-42d2-a4b0-ec110bfb1fc2}]]></GPODomainGuid><GPODomainController><![CDATA[dc-1.generic.local]]></GPODomainController><BackupTime><![CDATA[2025-03-24T17:53:51]]></BackupTime><ID><![CDATA[{DEADE256-9D6D-4605-93E8-B9F475BE00FF}]]></ID><Comment><![CDATA[]]></Comment><GPODisplayName><![CDATA[Login - Interactive Logon - Clients]]></GPODisplayName></BackupInst>
