<BackupInst xmlns="http://www.microsoft.com/GroupPolicy/GPOOperations/Manifest"><GPOGuid><![CDATA[{82b87ae2-d0bf-4a46-8bdc-cddb085a9cb5}]]></GPOGuid><GPODomain><![CDATA[domain.local]]></GPODomain><GPODomainGuid><![CDATA[{04cef035-999e-42d2-a4b0-ec110bfb1fc2}]]></GPODomainGuid><GPODomainController><![CDATA[DC-1.domain.local]]></GPODomainController><BackupTime><![CDATA[2025-03-24T01:49:23]]></BackupTime><ID><![CDATA[{E03F04B1-1D83-4CB8-86B7-7551986F865A}]]></ID><Comment><![CDATA[]]></Comment><GPODisplayName><![CDATA[Windows Admin Center - Allow Credential Delegation]]></GPODisplayName></BackupInst>
