<BackupInst xmlns="http://www.microsoft.com/GroupPolicy/GPOOperations/Manifest"><GPOGuid><![CDATA[{b76afee9-44a1-4bfc-ade1-ff86ad9018b8}]]></GPOGuid><GPODomain><![CDATA[generic.local]]></GPODomain><GPODomainGuid><![CDATA[{04cef035-999e-42d2-a4b0-ec110bfb1fc2}]]></GPODomainGuid><GPODomainController><![CDATA[dc-1.generic.local]]></GPODomainController><BackupTime><![CDATA[2025-03-24T21:23:48]]></BackupTime><ID><![CDATA[{E20C38A1-A26F-4136-B4D5-B3FCDB5D3ABB}]]></ID><Comment><![CDATA[]]></Comment><GPODisplayName><![CDATA[Network - Prefer IPv4 over IPv6]]></GPODisplayName></BackupInst>
