<BackupInst xmlns="http://www.microsoft.com/GroupPolicy/GPOOperations/Manifest"><GPOGuid><![CDATA[{30fcb249-588e-43e0-aeee-63992841f963}]]></GPOGuid><GPODomain><![CDATA[domain.local]]></GPODomain><GPODomainGuid><![CDATA[{04cef035-999e-42d2-a4b0-ec110bfb1fc2}]]></GPODomainGuid><GPODomainController><![CDATA[DC-1.domain.local]]></GPODomainController><BackupTime><![CDATA[2025-03-24T01:49:18]]></BackupTime><ID><![CDATA[{E30EBFD6-611F-4E69-A05D-45A7D878D66D}]]></ID><Comment><![CDATA[]]></Comment><GPODisplayName><![CDATA[Windows - External Time Source]]></GPODisplayName></BackupInst>
