<BackupInst xmlns="http://www.microsoft.com/GroupPolicy/GPOOperations/Manifest"><GPOGuid><![CDATA[{fbbae6f2-635e-4019-9f78-f84099b831f3}]]></GPOGuid><GPODomain><![CDATA[generic.local]]></GPODomain><GPODomainGuid><![CDATA[{04cef035-999e-42d2-a4b0-ec110bfb1fc2}]]></GPODomainGuid><GPODomainController><![CDATA[dc-1.generic.local]]></GPODomainController><BackupTime><![CDATA[2025-03-24T21:23:50]]></BackupTime><ID><![CDATA[{E3EEF181-F8ED-46DF-B1B0-7704F9B9342C}]]></ID><Comment><![CDATA[]]></Comment><GPODisplayName><![CDATA[Windows Update - 1AM Daily - Download]]></GPODisplayName></BackupInst>
