<BackupInst xmlns="http://www.microsoft.com/GroupPolicy/GPOOperations/Manifest"><GPOGuid><![CDATA[{0d262a53-f168-4618-918c-0bfcec40aa35}]]></GPOGuid><GPODomain><![CDATA[domain.local]]></GPODomain><GPODomainGuid><![CDATA[{04cef035-999e-42d2-a4b0-ec110bfb1fc2}]]></GPODomainGuid><GPODomainController><![CDATA[DC-1.domain.local]]></GPODomainController><BackupTime><![CDATA[2025-03-24T01:49:27]]></BackupTime><ID><![CDATA[{E8FEBCC8-6751-444B-B297-2DC913CEFA41}]]></ID><Comment><![CDATA[]]></Comment><GPODisplayName><![CDATA[Remote Desktop - Client Device Redirection]]></GPODisplayName></BackupInst>
