<BackupInst xmlns="http://www.microsoft.com/GroupPolicy/GPOOperations/Manifest"><GPOGuid><![CDATA[{0f8e155e-7bce-4e4f-a291-b74110c5a35a}]]></GPOGuid><GPODomain><![CDATA[domain.local]]></GPODomain><GPODomainGuid><![CDATA[{04cef035-999e-42d2-a4b0-ec110bfb1fc2}]]></GPODomainGuid><GPODomainController><![CDATA[DC-1.domain.local]]></GPODomainController><BackupTime><![CDATA[2025-03-24T01:31:05]]></BackupTime><ID><![CDATA[{EB9928ED-9D71-4EFA-ABDB-AF9EF50B5B7A}]]></ID><Comment><![CDATA[]]></Comment><GPODisplayName><![CDATA[Security - TLS Ciphers - Clients]]></GPODisplayName></BackupInst>
