<BackupInst xmlns="http://www.microsoft.com/GroupPolicy/GPOOperations/Manifest"><GPOGuid><![CDATA[{c7f272e6-5dd4-4462-a292-f9042529bf5d}]]></GPOGuid><GPODomain><![CDATA[domain.local]]></GPODomain><GPODomainGuid><![CDATA[{04cef035-999e-42d2-a4b0-ec110bfb1fc2}]]></GPODomainGuid><GPODomainController><![CDATA[DC-1.domain.local]]></GPODomainController><BackupTime><![CDATA[2025-03-24T02:17:52]]></BackupTime><ID><![CDATA[{F2FC8E44-F352-4199-97A0-FD4D378D630A}]]></ID><Comment><![CDATA[]]></Comment><GPODisplayName><![CDATA[Security - LAPS - Windows]]></GPODisplayName></BackupInst>
