<BackupInst xmlns="http://www.microsoft.com/GroupPolicy/GPOOperations/Manifest"><GPOGuid><![CDATA[{61c6b39c-1d36-4058-8344-398c3cf3d6c6}]]></GPOGuid><GPODomain><![CDATA[generic.local]]></GPODomain><GPODomainGuid><![CDATA[{04cef035-999e-42d2-a4b0-ec110bfb1fc2}]]></GPODomainGuid><GPODomainController><![CDATA[dc-1.generic.local]]></GPODomainController><BackupTime><![CDATA[2025-03-24T21:55:29]]></BackupTime><ID><![CDATA[{F342EECE-D4AD-46A6-8174-8B37AC7352AC}]]></ID><Comment><![CDATA[]]></Comment><GPODisplayName><![CDATA[Network - Set NetBT to P-mode]]></GPODisplayName></BackupInst>
