<BackupInst xmlns="http://www.microsoft.com/GroupPolicy/GPOOperations/Manifest"><GPOGuid><![CDATA[{d0ee77da-b098-469f-93e8-585857ce95fc}]]></GPOGuid><GPODomain><![CDATA[domain.local]]></GPODomain><GPODomainGuid><![CDATA[{04cef035-999e-42d2-a4b0-ec110bfb1fc2}]]></GPODomainGuid><GPODomainController><![CDATA[DC-1.domain.local]]></GPODomainController><BackupTime><![CDATA[2025-03-24T01:31:10]]></BackupTime><ID><![CDATA[{F56DBE27-C9EE-497C-9BB9-540582003953}]]></ID><Comment><![CDATA[]]></Comment><GPODisplayName><![CDATA[Edge - Sidebar and Prompts]]></GPODisplayName></BackupInst>
