<BackupInst xmlns="http://www.microsoft.com/GroupPolicy/GPOOperations/Manifest"><GPOGuid><![CDATA[{8393eef8-5816-4c66-939c-a84ef96ac92b}]]></GPOGuid><GPODomain><![CDATA[domain.local]]></GPODomain><GPODomainGuid><![CDATA[{04cef035-999e-42d2-a4b0-ec110bfb1fc2}]]></GPODomainGuid><GPODomainController><![CDATA[DC-1.domain.local]]></GPODomainController><BackupTime><![CDATA[2025-03-24T01:30:54]]></BackupTime><ID><![CDATA[{FCF8AFA0-4EF1-46DF-910F-16EBD3D5463D}]]></ID><Comment><![CDATA[]]></Comment><GPODisplayName><![CDATA[Firewall - Enable with Logfile]]></GPODisplayName></BackupInst>
